period,org,description,winner,sr_value,currency,foreign_amount,amount_raw,category
TENDER AWARD (MAY - AUGUST 2025),Public Utilities Corporation,Supply of Wooden Poles,South Seas Import & Export,,ZAR,6406369.3," ZAR 6,406,369.30",Other
TENDER AWARD (MAY - AUGUST 2025),Seychelles Broadcasting,Procurement of Digitilization of SBC’s Audio Visual Archive 2025,RiverMedia,,USD,100.0, USD 100.00/ unit,Infrastructure
TENDER AWARD (MAY - AUGUST 2025),Public Utilities Corporation,Procurement of Single – Phase Energy Meters,Iskraemeco,,EUR,58500.0," Eur 58,500.00",Energy
TENDER AWARD (MAY - AUGUST 2025),Seychelles Land Transport Agency,Resurfacing of Dan Mang Road La Digue,United Concrete Products (Sey) Ltd,999676.0,SR,," SR999,676.00",Roads & seawalls
TENDER AWARD (MAY - AUGUST 2025),Seychelles Land Transport Agency,"Resurfacing of Road From Police Station, La Passe To Veuve Road Junction, Anse Reunion, La Digue",United Concrete Products (Sey) Ltd,3433523.17,SR,," SR3,433,523.17",Roads & seawalls
TENDER AWARD (MAY - AUGUST 2025),Tourism Department,Expedia Campaign,Expedia Group,,USD,115000.0," USD 115,000.00",Other
TENDER AWARD (MAY - AUGUST 2025),Seychelles Public Transport Corporation,Procurement of CCTV on Buses,BUSEA,,USD,98250.0," USD 98,250.00",Transport
TENDER AWARD (MAY - AUGUST 2025),Seychelles Infrastructure Agency,"Remedial Works on Anse Source D’Argent Seawall, La Digue - Variations",Thunder Construction Pty Ltd,1645574.67,SR,," SR1,645,574.67",Roads & seawalls
TENDER AWARD (MAY - AUGUST 2025),Public Utilities Corporation,Procurement of Spare Parts Wartsila Engine A51 & B51,Wartsila Global Logistics Services,,,," Euro105,693.20",Other
TENDER AWARD (MAY - AUGUST 2025),Public Utilities Corporation,Emergency Desalination Project at Anse La Mouche,Engginium International FZC,,USD,88800.0," USD 88,800.00",Utilities
TENDER AWARD (MAY - AUGUST 2025),Seychelles Infrastructure Agency,Site Investigation for the Construction of the New Seychelles Hospital at Roche Caiman,United Concrete Products Sey,971750.0,SR,," SR971,750.00",Health
TENDER AWARD (MAY - AUGUST 2025),Public Sector Bureau,Grounds Maintenance at National House—Extension of contract,J & J Agency,113700.0,SR,," SR113,700.00",Infrastructure
TENDER AWARD (MAY - AUGUST 2025),Public Utilities Corporation,Procurement of Consultant for Dynamic Stability Analysis Related to5MW Floating Solar PV at Providence Lagoon,Norconsult,,USD,68000.0," USD 68,000.00",Energy
TENDER AWARD (MAY - AUGUST 2025),Landscape & Waste Management Agency,Daytime Security Service at English River Head Office Premises,Vision Security,86731.32,SR,," SR86,731.32",Infrastructure
TENDER AWARD (MAY - AUGUST 2025),Health Care Agency,Engagement of Professor Bruno Holtof as Senior Technical Advisor,Professor Bruno Holthof,,GBP,5010.0, GBP5010.00,Other
TENDER AWARD (MAY - AUGUST 2025),Seychelles Land Transport Agency,"Construction of New Lane, Footpath and Road Access at Mont Fleuri",Fabs Co Construction,199165.63,SR,," SR199,165.63",Roads & seawalls
TENDER AWARD (MAY - AUGUST 2025),Seychelles Infrastructure Agency,Construction of Retaining Wall at Les Mamelles,TED Construction,1095323.25,SR,," SR1,095,323.25",Infrastructure
TENDER AWARD (MAY - AUGUST 2025),Seychelles Infrastructure Agency,"Construction of New Demo Kitchen for Seychelles Tourism Academy at La Misere, Grand Anse Mahe.",Gopinath Builder (Pty) Ltd,17452874.95,SR,," SR17,452,874.95",Other
TENDER AWARD (MAY - AUGUST 2025),Seychelles Land Transport Agency,Road Widening at La Gogue-Glacis (Phase 2),GC Construction,3275972.92,SR,," SR3,275,972.92",Roads & seawalls
TENDER AWARD (MAY - AUGUST 2025),Seychelles Land Transport Agency,Traffic Management Project at Providence/Petit Paris/Zone 18-Additional Lane,Seyshells Construction,2670019.85,SR,," SR2,670,019.85",Roads & seawalls
TENDER AWARD (MAY - AUGUST 2025),Seychelles Land Transport Agency,Road Widening at Foret Noire/Sans Soucis Link—Mont Fleuri,GC Construction,1299655.3,SR,," SR1,299,655.30",Roads & seawalls
TENDER AWARD (MAY - AUGUST 2025),Property Management Corporation,"Supply, Installation and Commissioning of one new Lift at Perseverance Condo",Oceanlift Pty Ltd,920575.0,SR,," SR920,575.00",Housing
TENDER AWARD (MAY - AUGUST 2025),Public Utilities Corporation,Supply of Standby generators for Pumping Stations,Precision Industries LLC,,USD,58847.0," USD58,847.00",Utilities
TENDER AWARD (MAY - AUGUST 2025),Seychelles Infrastructure Agency,"Plant & Design-Build of Industrial Workshops At Providence, Mahe",Allied Builders (Sey) Ltd,23521478.91,SR,," SR23,521,478.91",Other
TENDER AWARD (MAY - AUGUST 2025),Financial Services Authority,Procurement of Vehicles (Lot2),PMC Auto Pty,499000.0,SR,," SR499,000.00",Transport
TENDER AWARD (MAY - AUGUST 2025),Seychelles Airports Authority,Procurement of Staff Transportation Service- Extension of Contract,Sulljet,550080.0,SR,," SR550,080.00",Transport
TENDER AWARD (MAY - AUGUST 2025),Public Utilities Corporation,Procurement of High and Low Voltage Switchgears Substation Equipment,Schieder Electric,,EUR,803880.0," EUR803,880.00",Infrastructure
TENDER AWARD (MAY - AUGUST 2025),Ministry of Education,Procurement of Open Education Management Information System ( OPENEMIS),OpenEMIS - Community Systems Foundation,,USD,320654.0," USD 320,654.00",Education
TENDER AWARD (MAY - AUGUST 2025),Seychelles Infrastructure Agenc,Construction of New District Administration Office Bel Ombre – Variation O4,Turnkey Solutions (Seychelles) Ltd,156621.0,SR,," SR156,621.00",Infrastructure
TENDER AWARD (MAY - AUGUST 2025),Central Procurement Unit,Servicing and Maintenance of Air Condition Unit - Extension of Contract - Lot 1,Eco Cool,218880.0,SR,," SR218,880.00",Other
TENDER AWARD (MAY - AUGUST 2025),,Servicing and Maintenance of Air Condition Unit - Extension of Contract - Lot 2,Quick Cool,79200.0,SR,," SR79,200.00",Other
TENDER AWARD (MAY - AUGUST 2025),,Servicing and Maintenance of Air Condition Unit - Extension of Contract - Lot 2,Quick Cool,66600.0,SR,," SR66,600.00",Other
TENDER AWARD (MAY - AUGUST 2025),,Servicing and Maintenance of Air Condition Unit - Extension of Contract - Lot 3,D&L Services,78200.0,SR,," SR78,200.00",Other
TENDER AWARD (MAY - AUGUST 2025),,Servicing and Maintenance of Air Condition Unit - Extension of Contract - Lot 3,D&L Services,35900.0,SR,," SR35,900.00",Other
TENDER AWARD (MAY - AUGUST 2025),,Servicing and Maintenance of Air Condition Unit - Extension of Contract - Lot 4,Seykool,137250.0,SR,," SR137,250.00",Other
TENDER AWARD (MAY - AUGUST 2025),,Servicing and Maintenance of Air Condition Unit - Extension of Contract - Lot 5,Quick Cool,48600.0,SR,," SR48,600.00",Other
TENDER AWARD (MAY - AUGUST 2025),,Servicing and Maintenance of Air Condition Unit - Extension of Contract - Lot 5,Quick Cool,63000.0,SR,," SR63,000.00",Other
TENDER AWARD (MAY - AUGUST 2025),,Servicing and Maintenance of Air Condition Unit - Extension of Contract - Lot 6,Eco Cool,95760.0,SR,," SR95,760.00",Other
TENDER AWARD (MAY - AUGUST 2025),,Servicing and Maintenance of Air Condition Unit - Extension of Contract - Lot 7,J&R Air Conditioning,66060.0,SR,," SR66,060.00",Other
TENDER AWARD (MAY - AUGUST 2025),,Servicing and Maintenance of Air Condition Unit - Extension of Contract - Lot 7,J&R Air Conditioning,89720.0,SR,," SR89,720.00",Other
TENDER AWARD (MAY - AUGUST 2025),,Servicing and Maintenance of Air Condition Unit - Extension of Contract - Lot 8,Air Conditioning,74400.0,SR,," SR74,400.00",Other
TENDER AWARD (MAY - AUGUST 2025),,Servicing and Maintenance of Air Condition Unit - Extension of Contract - Lot 8,Air Conditioning,52800.0,SR,," SR52,800.00",Other
TENDER AWARD (MAY - AUGUST 2025),,Servicing and Maintenance of Air Condition Unit - Extension of Contract - Lot 9,Uni-Cool,32000.0,SR,," SR32,000.00",Other
TENDER AWARD (MAY - AUGUST 2025),,Servicing and Maintenance of Air Condition Unit - Extension of Contract - Lot 9,Uni-Cool,75000.0,SR,," SR75,000.00",Other
TENDER AWARD (MAY - AUGUST 2025),,Servicing and Maintenance of Air Condition Unit - Extension of Contract - Lot 9,Uni-Cool,38000.0,SR,," SR38,000.00",Other
TENDER AWARD (MAY - AUGUST 2025),Seychelles Broadcasting Corporation,Procurement of TVU Broadcast Equipment,TVU Networks Corporation,,USD,77825.6," USD 77,825.60",Roads & seawalls
TENDER AWARD (MAY - AUGUST 2025),Seychelles Infrastructure Agency,Reroofing of National Assembly Building at lle Perseverance,Vijay Construction (Pty) Ltd,2125985.45,SR,," SR2,125,985.45",Infrastructure
TENDER AWARD (MAY - AUGUST 2025),Seychelles Infrastructure Agency,"Completion of Civil Works at Regatta Site Beau Vallon – Proposed PUC Substation, Kiosk and Binsite – Variations",Rafa Builders,160045.0,SR,," SR160,045.00",Infrastructure
TENDER AWARD (MAY - AUGUST 2025),Seychelles Infrastructure Agency,Renovation of State House Project – Variation,All Weather Builders,468945.68,SR,," SR468,945.68",Infrastructure
TENDER AWARD (MAY - AUGUST 2025),Tourism Department,Creative & Content Agency for Global Destination Campaign,Beautiful Destinations,,USD,150000.0," USD150,000.00",Other
TENDER AWARD (MAY - AUGUST 2025),Public Utilities Corporation,Procurement of Technical Assistance – Enable Unused ERP Functions to Improve Operations and Incorporate Other Technical Reports,StayConnect Digital Solutions LLC,,USD,165458.82," USD 165,458.82",Maritime
TENDER AWARD (MAY - AUGUST 2025),Seychelles Land Transport Agency,Procurement and Refurbishment of BGP308 Paver,B.G. Pavers ltd (UK),,GBP,183.0," GBP183, 778.74",Infrastructure
TENDER AWARD (MAY - AUGUST 2025),Ministry of Education,Procurement of Furniture - Lot 5,M & E Maintenance,246530.0,SR,," SR246,530.00,",Other
TENDER AWARD (MAY - AUGUST 2025),Seychelles Land Transport Agency,Construction of Roundabout and New Lanes at Ile Du Port – Phase 2- Additional Work,Dubai Civil Engineering and Construction,3402031.2,SR,," SR3,402,031.20",Roads & seawalls
TENDER AWARD (MAY - AUGUST 2025),Seychelles Airports Authority,Provision of Staff Transportation Services for SAA Staff - Routes A.D.C,Sulljet,16572600.0,SR,," SR16,572,600.00",Transport
TENDER AWARD (MAY - AUGUST 2025),Seychelles Airports Authority,Provision of Staff Transportation Services for SAA Staff - Route D,Paradise Services,1810000.0,SR,," SR1,810,000.00",Transport
TENDER AWARD (MAY - AUGUST 2025),Seychelles Fire & Rescue Services Agency,Procurement of Twenty (20) Self Contained Breathing Apparatus,Virgo General Trading Ltd,,,," Euro 81,400.00",Other
TENDER AWARD (MAY - AUGUST 2025),Seychelles Fisheries Authority,Procurement of Photovoltaic (PV),Energy Solution Seychelles (ESS),1500000.0,SR,," SR1,500,000.00",Energy
TENDER AWARD (MAY - AUGUST 2025),Seychelles Information Services Agency,Procurement of AZURA CTP Plates for Printing Machine SM74-4,Intergraph Ltee (Mauritius),,,," Euro 58,125.00",Other
TENDER AWARD (MAY - AUGUST 2025),Seychelles Infrastructure Agency,Construction of New Demo Kitchen for Seychelles Tourism Academy at La Misere Grand Anse ( Arithmetical Error),Gopinath Builders (Pty) Ltd,17078779.95,SR,," SR17,078,779.95",Other
TENDER AWARD (MAY - AUGUST 2025),Seychelles Land Transport Agency,Construction of Drain at Cascade Petit Paris Parson Estate – Additional Work,Sey-Shells Construction Ltd,145391.09,SR,," SR145,391.09",Infrastructure
TENDER AWARD (MAY - AUGUST 2025),Public Utilities Corporation,Desalination Project At Anse La Mouche - Emergency Procurement,Tornado Trading & Enterprise Est,,USD,116127.0," USD116,127.00",Utilities
TENDER AWARD (MAY - AUGUST 2025),Public Utilities Corporation,Procurement of Civil Works and Supply of GRP Tank for Anse La Mouche Temporary Desalination Plant Implementation under Emergency Context,"Benoiton Construction Company Limited,",5060577.88,SR,," SR5,060,577.88",Utilities
TENDER AWARD (MAY - AUGUST 2025),Seychelles Infrastructure Agency,Proposed Construction of Twelve Affordable Housing Units at St Ange La Digue,Thunder Construction Pty Ltd,24551517.88,SR,," SR24,551,517.88",Housing
TENDER AWARD (MAY - AUGUST 2025),Seychelles Fisheries Authority,Construction of Fisheries & Recreational Facilities at Anse La Mouche,Allied Builders Sey Ltd,6688064.72,SR,," SR6,688,064.72",Fisheries
TENDER AWARD (MAY - AUGUST 2025),Property Management Corporation,Procurement for the Provision of Security Services at Maison Royale,Executive Security Service,1491490.0,SR,," SR1,491,490.00",Security
TENDER AWARD (MAY - AUGUST 2025),Seychelles Fisheries Authority,Procurement of 5 Snowkey Ice Machines,Fujian FSE Supply Chain Managt Co.Ltd,,USD,987683.6," USD987,683.60",Fisheries
TENDER AWARD (MAY - AUGUST 2025),Seychelles Fisheries Authority,Procurement of 25 CLS Triton VMS Transceivers,Kingsgate Electronic Services,,,," Euro 80,212.50",Fisheries
TENDER AWARD (MAY - AUGUST 2025),Seychelles Land Transport Agency,"Construction of Seawall, Parapet wall and Backfilling at Mare Anglaise, Beau Vallon (from Mike Store to La Batie Junction)",Sun Excavation Pty Ltd,5649375.0,SR,," SR5,649,375.00",Roads & seawalls
TENDER AWARD (MAY - AUGUST 2025),Seychelles Land Transport Agency,Drainage Project on La Digue,Ascent Project Sey Pty Ltd,2305482.75,SR,," SR2,305,482.75",Infrastructure
TENDER AWARD (MAY - AUGUST 2025),Seychelles Land Transport Agency,"Construction of Seawall, Parapet wall and Backfilling at Mare Anglaise, Beau Vallon ( from Big Blue Divers to Ptipayot)",FABS CO Construction Ltd,4700918.25,SR,," SR4,700,918.25",Roads & seawalls
TENDER AWARD (MAY - AUGUST 2025),Seychelles Land Transport Agency,"Construction of Seawall, Parapet wall and Backfilling at North East Point (Rehab to Corail D’or)",Earth Development Pty Ltd,10747933.35,SR,," SR10,747,933.35",Roads & seawalls
TENDER AWARD (MAY - AUGUST 2025),Seychelles Port Authority,Dry Docking of Tug Ste Anne,Taylor Smith and Co Ltd,9621099.05,SR,," SR9,621,099.05",Maritime
TENDER AWARD (MAY - AUGUST 2025),Public Utilities Corporation,House Connections For La Digue Sewerage Network - Lot 1,Earth Development Pty Ltd,27380677.5,SR,," SR27,380,677.50",Utilities
TENDER AWARD (MAY - AUGUST 2025),Public Utilities Corporation,House Connections For La Digue Sewerage Network - Lot 2,Ascent Projects Sey Pty Ltd,31837139.33,SR,," SR31,837,139.33",Utilities
TENDER AWARD (JANUARY - APRIL 2025),Tourism Department,CNN Campaign,CNN,,USD,140000.0,"USD 140,000.00",Other
TENDER AWARD (JANUARY - APRIL 2025),Seychelles Infrastructure Agency,Proposed Drainage Outlet near Taylor Smith Providence,Unique Engineering,1316551.0,SR,,"SR1,316,551.00",Infrastructure
TENDER AWARD (JANUARY - APRIL 2025),Seychelles Infrastructure Agency,Geotechnical Works at La Rosiere School,United Concrete Products Seychelles,3446330.0,SR,,"SR3,446,330.00",Education
TENDER AWARD (JANUARY - APRIL 2025),Seychelles Infrastructure Agency,Renovation Works at Anse Boileau Secondary School,AMICO Builders,2027118.35,SR,,"SR2,027,118.35",Infrastructure
TENDER AWARD (JANUARY - APRIL 2025),Ministry of Education,Acquisition of Bus Services for La Rosiere Primary School (Extension),Sulljet,500.0,SR,,SR500.00,Education
TENDER AWARD (JANUARY - APRIL 2025),Seychelles Infrastructure Agency,Construction of New District Administration Office-Bel Ombre-Variations,"Turnkey Solutions (Seychelles) Ltd,",532742.0,SR,,"SR532,742.00",Infrastructure
TENDER AWARD (JANUARY - APRIL 2025),Seychelles Infrastructure Agency,Proposed Vehicles Testing Station at Baie Ste Anne Praslin – Variations,Island Holdings,490606.48,SR,,"SR490,606.48",Transport
TENDER AWARD (JANUARY - APRIL 2025),Seychelles Infrastructure Agency,Proposed Road Construction and Retaining Wall at Cayole Land Bank – Variations,HPC Construction,506094.3,SR,,"SR506,094.30",Infrastructure
TENDER AWARD (JANUARY - APRIL 2025),Seychelles Infrastructure Agency,"Proposed Construction of 16 Unit Mid Range Condo, Retaining Wall and Sewer Line at Ex-Daycare Bel Air – Contract Extension",Dubai Civil Engineering Construction,1758907.84,SR,,"SR1,758,907.84",Housing
TENDER AWARD (JANUARY - APRIL 2025),Seychelles Infrastructure Agency,Renovation of Carport for Department of Foreign Affairs-Variations,Thunder Construction Pty Ltd,325806.5,SR,,"SR325,806.50",Infrastructure
TENDER AWARD (JANUARY - APRIL 2025),Public Service Bureau,Grounds Maintenance at National House – Contract Extension,J & J Agency,75800.0,SR,,"SR75,800.00",Infrastructure
TENDER AWARD (JANUARY - APRIL 2025),Public Utilities Corporation,Procurement of Articulated Shore Protection Pipe,Zhongtian Technology Submarine Cable Co. Ltd (ZTT),,USD,73200.0,"USD 73,200.00",Other
TENDER AWARD (JANUARY - APRIL 2025),Public Utilities Corporation,Contract of IT Consultancy Services – Development of Android Application for Meter Readings - Variations,Consolware GMBH,,EUR,8160.0,"EUR 8,160.00",ICT
TENDER AWARD (JANUARY - APRIL 2025),Seychelles National Heritage,Provision Expertise of Restoration of Clock Tower,Gillet and Johnson (Crodydon) Limited (UK),,GBP,54660.5,"GBP 54,660.50",Other
TENDER AWARD (JANUARY - APRIL 2025),Seychelles Broadcasting Corporation,Procurement of SBC’s New Digital Television Headend,ATEME,,USD,213210.0,"USD 213,210.00",ICT
TENDER AWARD (JANUARY - APRIL 2025),Seychelles Broadcasting Corporation,Procurement of SBC’s Central Storage Procurement,Perifery,,USD,350000.0,"USD 350,000.00",Other
TENDER AWARD (JANUARY - APRIL 2025),Public Utilities Corporation,Supply of Tanalith Wooden Poles (Amended ER),MG Worldwide Pvt Ltd,,USD,488777.0,"USD 488,777.00",Other
TENDER AWARD (JANUARY - APRIL 2025),Seychelles Civil Aviation Authority,Procurement of One SMAF/ PAPI,ARGOS Ingegneria (Italy),,EUR,68500.0,"Eur 68,500.00",Other
TENDER AWARD (JANUARY - APRIL 2025),Seychelles Fisheries Authority,Procurement of Consultancy Services For Performance Audit,Valsen Consulting,272034.0,SR,,"SR272,034.00",Consultancy
TENDER AWARD (JANUARY - APRIL 2025),Seychelles Infrastructure Agency,Infrastructure Works At Fon Azor Baie Ste Anne Praslin-Contract Extension,Island Holdings,452877.48,SR,,"SR452,877.48.",Infrastructure
TENDER AWARD (JANUARY - APRIL 2025),Seychelles Infrastructure Agency,Construction of Footpath At Bel Ombre ( Phase 4)-Additional Works,GC Construction,232495.5,SR,,"SR232,495.50",Roads & seawalls
TENDER AWARD (JANUARY - APRIL 2025),Energy & Climate Change,Adapting the University of Seychelles Coastal Management and Adaptation Course with Modules on Nature-Based Solutions and Delivering Short Courses,University of Seychelles,373250.0,SR,,"SR373,250.00",Education
TENDER AWARD (JANUARY - APRIL 2025),Health Care Agency,Security Services-Baie Ste Anne Hospital & Grand Anse Praslin Health Centre,Shield Security,126464.08,SR,,"SR126,464.08 per",Health
TENDER AWARD (JANUARY - APRIL 2025),Seychelles Fishing Authority,Construction of retaining Wall and Box Drain Opposite Fish Market at Glacis,Thunder Construction,381635.0,SR,,"SR381,635.00.",Infrastructure
TENDER AWARD (JANUARY - APRIL 2025),Public Utilities Corporation,Procurement of Crimping Tools,TE Connectivity Solutions GmbH,,EUR,130666.3,"Eur 130,666.30",Other
TENDER AWARD (JANUARY - APRIL 2025),Public Utilities Corporation,Procurement of GRP Water Tank for Land Bank Project and Replacement of Existing Tanks,PIPECO Industries LLC,,USD,116380.0,"USD 116,380.00",Other
TENDER AWARD (JANUARY - APRIL 2025),Seychelles Ports Authority,Supply of Container Houses,Zhejiang Putian Integrated Housing Co Ltd,,USD,67848.0,"USD 67,848.00",Other
Tender Award (NOVEMBER– DECEMBER 2024),,School Autonomy Initiative-Contract Extension - Amended Letter Ministry of Education Amina Afif,,1033353.75,SR,,"SR1,033,353.75",Education
Tender Award (NOVEMBER– DECEMBER 2024),,Renewal Maintenance Contract For FIU Building Financial Intelligence Unit Green Island Construction Company,,906168.0,SR,,"SR906,168.00",Other
Tender Award (NOVEMBER– DECEMBER 2024),,Procurement of Consultancy Services for Aviation Security Seychelles Civil Aviation Authority Mr Raymond Rimba,,,USD,10000.0,"USD 10,000.00/mth",Consultancy
Tender Award (NOVEMBER– DECEMBER 2024),,Renovation of Gran Kaz Building-State House Seychelles Infrastructure Agency All Weather Builders,,1347736.75,SR,,"SR1,347,736.75",Infrastructure
Tender Award (NOVEMBER– DECEMBER 2024),,Construction of External Infrastructure For Mid-Range Condominium Housing Estate-Bel Air Seychelles Infrastructure Agency Dubai Civil Engineering Construction,,10754024.0,SR,,"SR10,754,024.00",Housing
Tender Award (NOVEMBER– DECEMBER 2024),,Procurement of 105MT Sodium Carbonate Public Utilities Corporation Perficient Global Trading FZ LLC,,,USD,61740.0,"USD61,740.00",Transport
Tender Award (NOVEMBER– DECEMBER 2024),,Renovation Work at Au Cap House for the Elderly – Contract Extension Seychelles Infrastructure Agency TRL Construction,,325891.5,SR,,"SR325,891.50",Infrastructure
Tender Award (NOVEMBER– DECEMBER 2024),,Additional Technical Services for ERP Blueprint Exercise Public Utilities Corporation StayConnect Digital Solutions LLC,,,USD,161882.4,"USD161,882.40",ICT
Tender Award (NOVEMBER– DECEMBER 2024),,Procurement for the Supply of Bulk ICT Equipment - Lot 1 Network and Equipment Seychelles Civil Aviation Authority Inconek,,,USD,43842.89,"USD 43,842.89",ICT
Tender Award (NOVEMBER– DECEMBER 2024),,"Design of Wastewater Network Extensions at Plaisance, Lower Foret Noir & La Misere (Fairview) Public Utilities Corporation GIBB (Seychelles) Ltd",,2592000.0,SR,,"SR2,592,000.00",Utilities
Tender Award (NOVEMBER– DECEMBER 2024),,Public Utilities Corporation Dean Builders,,535101.6,SR,,"SR535,101.60",Other
Tender Award (NOVEMBER– DECEMBER 2024),,Construction of Embankment Stabilisation and Storm Drainage J178-Le Niole Seychelles Infrastructure Agency UNIQUE Engineering,,6758251.0,SR,,"SR6,758,251.00",Infrastructure
Tender Award (NOVEMBER– DECEMBER 2024),,Construction of 24 Units Mid-Range Condominium at Ile Perseverance Seychelles Infrastructure Agency Allied Builders,,23015430.49,SR,,"SR23,015,430.49",Housing
Tender Award (NOVEMBER– DECEMBER 2024),,Proposed New Block at La Rosiere Primary School Seychelles Infrastructure Agency Dubai Civil Engineering,,21979057.35,SR,,"SR21,979,057.35",Infrastructure
Tender Award (NOVEMBER– DECEMBER 2024),,Procurement of 120MT Poly Aluminum Chloride for Water Treatment Public Utilities Corporation Optimus Global Trading FZ LLC,,,USD,75000.0,"USD 75,000.00",Other
Tender Award (NOVEMBER– DECEMBER 2024),,Procurement of Three (3) Double Cab Pick-U Seychelles Fire & Rescue Services Executive Motors,,1978638.0,SR,,"SR1,978,638.00",Other
Tender Award (NOVEMBER– DECEMBER 2024),,Proposed Access Road at Salazie Baie Ste Anne Praslin - Variations Seychelles Infrastructure Agency MECS Construction,,257864.0,SR,,"SR257,864.00",Infrastructure
Tender Award (NOVEMBER– DECEMBER 2024),,Construction of Roads & Bridges At Montagne Posee- Anse Boileau Seychelles Infrastructure Agency Dubai Civil Engineering & Construction,,1833560.0,SR,,"SR1,833,560.00",Infrastructure
Tender Award (NOVEMBER– DECEMBER 2024),,Procurement of 2000 Meters of Crash Barriers Seychelles Land Transport Agency Ascent Engineering Supplies Pty Ltd,,1532000.0,SR,,"SR1,532,000.00",Transport
Tender Award (NOVEMBER– DECEMBER 2024),,Public Utilities Corporation White Tip Diving,,855000.0,SR,,"SR855,000.00",Other
Tender Award (NOVEMBER– DECEMBER 2024),,Procurement of Asphalting Works on Zone 19/20 Providence Industrial Estate - Contract Extension Seychelles infrastructure Agency Vijay Construction,,1221120.0,SR,,"SR1,221,120.00",Infrastructure
Tender Award (NOVEMBER– DECEMBER 2024),,"Construction of Motorable Access At Kato Road, St Loius Seychelles Land Transport Agency GC Construction",,4867847.04,SR,,"SR4,867,847.04",Roads & seawalls
Tender Award (NOVEMBER– DECEMBER 2024),,Construction of Footpath At Bel Ombre (Phase 4) Seychelles Land Transport Agency GC Construction,,1262977.5,SR,,"SR1,262,977.50",Roads & seawalls
Tender Award (NOVEMBER– DECEMBER 2024),,Construction of Footpath At Grand Anse Mahe ( Phase 4) Seychelles Land Transport Agency All Weather Builders,,1911862.05,SR,,"SR1,911,862.05",Roads & seawalls
Tender Award (NOVEMBER– DECEMBER 2024),,Non-Performing Pipeline Replacement At Maldive Anse Etoile Public Utilities Corporation Neils Construction,,1290987.5,SR,,"SR1,290,987.50",Utilities
Tender Award (NOVEMBER– DECEMBER 2024),,Seychelles Infrastructure Agency Thunder Construction,,1412098.49,SR,,"SR1,412,098.49",Infrastructure
Tender Award (NOVEMBER– DECEMBER 2024),,Renovation of Ex-School Meal Centre At English River Seychelles Infrastructure Agency Larj Enterprise,,1134032.17,SR,,"SR1,134,032.17",Infrastructure
Tender Award (NOVEMBER– DECEMBER 2024),,Procurement of Two Sport Utility Vehicle ( SUV) Seychelles Land Transport Agency Kim Koon Motors,,880000.0,SR,,"SR880,000.00",Transport
Tender Award (NOVEMBER– DECEMBER 2024),,Procurement of One 3 Ton Puck Up Truck Seychelles Land Transport Agency Ahbaye Valabhji,,485000.0,SR,,"SR485,000.00",Transport
Tender Award (NOVEMBER– DECEMBER 2024),,Proposed Renovation Works at New SIA Headquarters Bel Ombre – Variations Seychelles Infrastructure Agency Dubai Civil Engineering & Construction,,4364310.29,SR,,"SR4,364,310.29",Infrastructure
Tender Award (NOVEMBER– DECEMBER 2024),,Construction of Bridge at Au Cap – Ex-Casuarina Road Variations Seychelles Infrastructure Agency Turnkey Solutions Pty Ltd,,343942.5,SR,,"SR343,942.50",Infrastructure
Tender Award (NOVEMBER– DECEMBER 2024),,"Supply and Implementation of the Integrated Financial Management Information Systems (IFMIS) Ministry of Finance, National Planning and Trade Linpico SARL/PFM Smart Systems",,,USD,2977711.0,"USD 2,977,711.00",Other
Tender Award (NOVEMBER– DECEMBER 2024),,Facility Improvement at Baie Ste Anne Hospital Seychelles Infrastructure Agency Ascent Project Sey Pty Ltd,,6726614.5,SR,,"SR6,726,614.50",Infrastructure
Tender Award (NOVEMBER– DECEMBER 2024),,Construction of Open Shed and Store Public Utilities Corporation Ascent Project Sey Pty Ltd,,1371469.0,SR,,"SR1,371,469.00",Other
Tender Award (NOVEMBER– DECEMBER 2024),,Construction of Motorable Access Road at Belonie Seychelles Land Transport Agency TCH Pty Ltd,,2673511.8,SR,,"SR2,673,511.80",Infrastructure
Tender Award (NOVEMBER– DECEMBER 2024),,Construction of Pavement at La Retraite (Phase 1) Seychelles Land Transport Agency Dubai Civil Engineering & Construction,,4200521.25,SR,,"SR4,200,521.25",Roads & seawalls
Tender Award (NOVEMBER– DECEMBER 2024),,Procurement for the Supply and Commissioning of One Asphalt Milling Machine (Cold Planers) Seychelles Land Transport Agency Ascent Engineering Supplies,,2430000.0,SR,,"SR2,430,000.00",Roads & seawalls
Tender Award (NOVEMBER– DECEMBER 2024),,"Construction of Toilet Facility, Grand Stand and Fencing at Mont Buxton Ministry of Local Government MJ Construction",,1060391.5,SR,,"SR1,060,391.50",Other
Tender Award (NOVEMBER– DECEMBER 2024),,Cleaning Facilities of Victoria Bus Terminal Premises & Toilet Faculties Seychelles Public Transport Corporation AM Upkeep Services,,948000.0,SR,,"SR948,000.00",Transport
Tender Award (NOVEMBER– DECEMBER 2024),,Procurement of One Runway Sweeper Truck Seychelles Civil Aviation Authority Virgo General Trading Ltd,,,USD,456000.0,"USD456,000.00",Other
Tender Award (NOVEMBER– DECEMBER 2024),,Procurement of IT Equipment-Laptops x 143 Ministry of Education ITECH Computer Services,,1258387.5,SR,,"SR1,258,387.50",Education
Tender Award (NOVEMBER– DECEMBER 2024),,Major Renovations At Kan Gard- Lot 1 Property Management Corporation TRL Construction,,1146391.95,SR,,"SR1,146,391.95",Infrastructure
Tender Award (NOVEMBER– DECEMBER 2024),,Major Renovations At Kan Gard- Lot 2 Property Management Corporation TRL Construction,,1070148.2,SR,,"SR1,070,148.20",Infrastructure
Tender Award (NOVEMBER– DECEMBER 2024),,Construction of Access Road at Machabee – Variation Seychelles Infrastructure Agency DDL Builders,,445507.0,SR,,"SR445,507.00.",Infrastructure
Tender Award (NOVEMBER– DECEMBER 2024),,Re-Roofing Works on Eighty-Four Prefabricated Housing Units Lot 2 - Contract Extension Seychelles Infrastructure Agency Dubai Civil Engineering & Construction,,6510460.0,SR,,"SR6,510,460.00",Housing
Tender Award (NOVEMBER– DECEMBER 2024),,Construction of a New 300m2 Warehouse For FSA at Bois De Rose Avenue Financial Services Authority Ascent Projects Sey Pty Ltd,,13621769.84,SR,,"SR13,621,769.84",Other
Tender Award (NOVEMBER– DECEMBER 2024),,Renewal of Microsoft License Ministry of Education Victoria Computer Services,,899872.7,SR,,"SR899,872.70",Education
Tender Award (NOVEMBER– DECEMBER 2024),,Renewal of CISCO Smartnet Licenses for 2025 Department of Information Communication Technology Inconek (Seychelles) Ltd,,952046.46,SR,,"SR952,046.46",ICT
Tender Award (NOVEMBER– DECEMBER 2024),,Procurement of Spares For 30 Bar Air Compressors Public Utilities Corporation Sperre Air Power AS,,,USD,64931.0,"USD64,931.00",Other
Tender Award (NOVEMBER– DECEMBER 2024),,Procurement of Danfoss APP Piston Pump And Associated Repair Parts Public Utilities Corporation Transcrescent Water FZC,,,AED,240375.0,"AED 240,375.00",Utilities
Tender Award (NOVEMBER– DECEMBER 2024),,Contract Extension of Subscription of Windward Platform National information Sharing Coordination Centre Windward Ltd,,,USD,150000.0,"USD 150,000.00",Other
Tender Award (NOVEMBER– DECEMBER 2024),,Contract Extension-Ground Cleaning Contractor-St Mary’s hospital Health Care Agency MAD Cleaning Contractor,,210000.0,SR,,"SR210,000.00 6 mths",Health
Tender Award (NOVEMBER– DECEMBER 2024),,Procurement of Water Meters for Domestic Customers Public Utilities Corporation Kaifeng Shengda Water Meter Co. Ltd,,,USD,154800.0,"USD 154,800.00",Utilities
Tender Award (NOVEMBER– DECEMBER 2024),,Construction of Stone Retaining wall and road Widening At Le Niole Phase 2 Seychelles Land Transport Agency Dean Builders,,3525208.85,SR,,"SR3,525,208.85",Infrastructure
Tender Award (NOVEMBER– DECEMBER 2024),,Re-Roofing Works at Glacis Primary School Ministry of Education RHS Construction,,1900000.0,SR,,"SR1,900,000.00",Education
Tender Award (NOVEMBER– DECEMBER 2024),,Energy & Climate Change Department Island Carbon Consulting,,,USD,21500.0,"USD21,500.00",Transport
Tender Award (NOVEMBER– DECEMBER 2024),,Procurement of Surveillance Monitoring Solution Seychelles Ports Authority Kingsgate Electronic Services (KES),,2941593.65,SR,,"SR2,941,593.65",Maritime
Tender Award (NOVEMBER– DECEMBER 2024),,Forward Keys Subscription And Expansion Renewal Tourism Department Forward Keys,,,USD,78786.0,"USD78,786.00",Other
Tender Award (NOVEMBER– DECEMBER 2024),,"Construction of New Lane, Footpath and Drain at Pointe Larue (Phase 1) Additional Work Seychelles Land Transport Agency Dean Builders",,113079.5,SR,,"SR113,079.50",Infrastructure
Tender Award (NOVEMBER– DECEMBER 2024),,Civil Works for the Laying of Tartan Track at Stad Linite Seychelles Infrastructure Agency Benoiton Construction,,502190.63,SR,,"SR502,190.63",Infrastructure
Tender Award (NOVEMBER– DECEMBER 2024),,Archive at Palais de Justice Seychelles Infrastructure Agency Modern Construction,,3337451.8,SR,,"SR3,337,451.80",Infrastructure
Tender Award (NOVEMBER– DECEMBER 2024),,Sorento Landbank Water Supply Project Public Utilities Corporation Adams Construction,,2746617.5,SR,,"SR2,746,617.50",Utilities
Tender Award (NOVEMBER– DECEMBER 2024),,Renovation Works On Two blocks of Six Units At Les Mamelles Housing Estate Property Management Corporation XT Design & Build,,1190859.46,SR,,"SR1,190,859.46",Housing
Tender Award (NOVEMBER– DECEMBER 2024),,Renovation Works On One Block of 14 Units At Les Mamelles Housing Estate Property Management Corporation XT Design & Build,,971365.23,SR,,"SR971,365.23",Housing
Tender Award (NOVEMBER– DECEMBER 2024),,Procurement of Vehicles - Toyota Taisor-V Grade x 3 Landscape & Waste Management Agency Abhaye Valabhji (Pty) Ltd,,1095000.0,SR,,"SR1,095,000.00",Transport
Tender Award (NOVEMBER– DECEMBER 2024),,Procurement of Vehicles - Toyota Hilux x 1 Landscape & Waste Management Agency Abhaye Valabhji (Pty) Ltd,,995000.0,SR,,"SR995,000.00",Transport
Tender Award (NOVEMBER– DECEMBER 2024),,Procurement of Mini Buses for Staff and Equipment Transportation x 2 Public Utilities Corporation Abhaye Valabhji Pty Ltd,,1010000.0,SR,,"SR1,010,000.00",Transport
Tender Award (NOVEMBER– DECEMBER 2024),,Supply of HDPE (High Density Polyethene) Double Wall Corrugated (DWC) Ducts Public Utilities Corporation MG Worlwide Pvt. Ltd,,,USD,159400.0,"USD159,400.00",Utilities
Tender Award (NOVEMBER– DECEMBER 2024),,Surfacing of Roads at Cap Samy Baie Ste Anne Praslin Agriculture Department Seychelles Land Transport Agency,,1200000.0,SR,,"SR1,200,000.00",Roads & seawalls
Tender Award (NOVEMBER– DECEMBER 2024),,Proposed Renovations of the North East Point Hospital Seychelles Infrastructure Agency Thunder Construction Pty Ltd,,14759644.53,SR,,"SR14,759,644.53",Infrastructure
Tender Award (NOVEMBER– DECEMBER 2024),,Construction of Youth Hope Residential Village at Bon Espoire Seychelles Infrastructure Agency Furui Construction,,65382955.95,SR,,"SR65,382,955.95",Housing
Tender Award (NOVEMBER– DECEMBER 2024),,Construction of 16 Affordable Housing Units at Hangard Street Mont Buxton Seychelles Infrastructure Agency Dean Builders,,13685208.3,SR,,"SR13,685,208.30",Housing
Tender Award (NOVEMBER– DECEMBER 2024),,Partitioning Work At The New SBC House Seychelles Broadcasting Corporation Metaluco Sey (Pty) Ltd),,2902329.0,SR,,"SR2,902,329.00",Roads & seawalls
Tender Award (NOVEMBER– DECEMBER 2024),,Supply of HDPE Pipes For Potable Water Solutions Public Utilities Corporation Perficient Global Trading FZ LLC,,,AED,241005.0,"AED 241,005.00",Other
Tender Award (NOVEMBER– DECEMBER 2024),,Construction of Third Lane At Pointe Larue From Airport To Amalgamated Tobacco Phase 2 Seychelles Land Transport Agency Dubai Civil Engineering & Construction,,18442581.86,SR,,"SR18,442,581.86",Roads & seawalls
Tender Award (NOVEMBER– DECEMBER 2024),,Climate Change Department CRISIL Limited (India),,,USD,40000.0,"USD40,000.00",Other
Tender Award (NOVEMBER– DECEMBER 2024),,Procurement of Mini Buses for Staff and Equipment Transportation x 2 Public Utilities Corporation Abhaye Valabhji Pty Ltd,,1010000.0,SR,,"SR1,010,000.00",Transport
Tender Award (NOVEMBER– DECEMBER 2024),,Construction of 16 Affordable Housing Units at Hangard Street Mont Buxton Seychelles Infrastructure Agency Dean Builders,,13685208.3,SR,,"SR13,685,208.30",Housing
Tender Award (NOVEMBER– DECEMBER 2024),,Surfacing of Roads at Cap Samy Baie Ste Ane Praslin Agriculture Department Seychelles Land Transport Agency,,1200000.0,SR,,"SR1,200,000.00",Roads & seawalls
Tender Award (NOVEMBER– DECEMBER 2024),,"Construction of 1x2 Bedroom House at Maldives, Anse Etoile Seychelles Infrastructure Agency (Ministry Lands and HPC Construction",,689240.0,SR,,"SR 689,240.00",Infrastructure
Tender Award (NOVEMBER– DECEMBER 2024),,"Construction of Two(2) Stone Masonry Retaining Wall at Quatre Bornes, Takamaka Seychelles Infrastructure Agency Neil's Construction",,699030.0,SR,,"SR 699,030.00",Infrastructure
Tender Award (NOVEMBER– DECEMBER 2024),,"Renovation of Roof, Ceiling and Eaves Soffits in CID Block, Mont Fleuri Police Station (SIA/MF/MIA/P2024 Seychelles Infrastructure Agency (Dept. of Police) Amico Investment",,297953.45,SR,,"SR 297,953.45",Infrastructure
Tender Award (NOVEMBER– DECEMBER 2024),,"Construction of Retaining Wall and Motorable Access at La Retraite Housing Estate, Anse Etoile Seychelles Infrastructure Agency (Ministry of Local Esparon Enterprise",,838925.0,SR,,"SR 838,925.00",Housing
Tender Award (NOVEMBER– DECEMBER 2024),,"Construction of Motorable Access Road & Drainage at Nouvelle Vale, Beau Vallon (SIA/BV/MLG/M2024 (86) Seychelles Infrastructure Agency (Ministry of Local XT Design & Build",,279400.0,SR,,"SR 279,400.00",Infrastructure
Tender Award (NOVEMBER– DECEMBER 2024),,"Renovation Works on Doctors House - Phase 2, Anse Boileau Seychelles Infrastructure Agency (Health Care Agency) Rafa Builders",,631049.0,SR,,"SR 631,049.00",Infrastructure
Tender Award (NOVEMBER– DECEMBER 2024),,Repair of Defective Concrete Work at Anse Royale Secondary School (SIA-AR-MEHRD-E 2023 (7) SIA 201) Seychelles Infrastructure Agency (Ministry of Education) Randolph Maintenance,,540163.75,SR,,"SR 540,163.75",Infrastructure
Tender Award (NOVEMBER– DECEMBER 2024),,Contract Extension- Painting Works at Grand Anse Praslin Health Centre (SIA-GAP-MHSA-H2024 (22) SIA Seychelles Infrastructure Agency (Ministry of Education) Randolph Maintenance,,264800.0,SR,,"SR 264,800.00",Infrastructure
Tender Award (NOVEMBER– DECEMBER 2024),,Upgrading of Court ad playing Field at Union Vale English River (SIA/ER/MLG/M2024 (23) SIA 282) Seychelles Infrastructure Agency (Ministry of Local KP Construction,,841191.2,SR,,"SR 841,191.20",Infrastructure
Tender Award (NOVEMBER– DECEMBER 2024),,Re-Enforcement of Existing Retaining Wall Dan Koko Bel Air (SIA/BA/MLG/M2024) Seychelles Infrastructure Agency (Ministry of Local RHS Construction,,542875.0,SR,,"SR 542,875.00",Infrastructure
Tender Award (NOVEMBER– DECEMBER 2024),,"Construction of Footpath, Steps and Railing at Upper Beoliere, Port Glaud (SIA/PG/MLG/M2024 (25) SIA- Seychelles Infrastructure Agency (Ministry of Local Sekhel Construction",,54722.5,SR,,"SR 54,722.50",Infrastructure
Tender Award (NOVEMBER– DECEMBER 2024),,Construction of Additional Toilets and Repair of Structural Defects at Beau Vallon Primary School Seychelles Infrastructure Agency (Ministry of Education) Amar Construction,,790970.0,SR,,"SR 790,970.00",Infrastructure
Tender Award (NOVEMBER– DECEMBER 2024),,Re-Roofing on the 3x3 Bedrooms Semi Detached Blocks at Takamaka (ID 3032) Seychelles Infrastructure Agency DDL Builders,,654590.0,SR,,"SR 654,590.00",Infrastructure
Tender Award (NOVEMBER– DECEMBER 2024),,Landscaping Work on Playing Field at Saint Louis (SIA-SL-MLG-M2024 (81) SIA 436) Seychelles Infrastructure Agency (Ministry of Local S and J Landscaping,,477500.0,SR,,"SR 477,500.00",Infrastructure
Tender Award (NOVEMBER– DECEMBER 2024),,Construction of Changing Room and Seating Facilities at Saint Louis (SIA-BV-MEHRD-E2024 (18) SIA 434 - Seychelles Infrastructure Agency (Ministry of Local DDL Builders,,614722.25,SR,,"SR 614,722.25",Infrastructure
Tender Award (NOVEMBER– DECEMBER 2024),,Re-Tiling Works at the main Lobby of the Seychelles National Assembly Building - Ile du Port (SIA-PERS- Seychelles Infrastructure Agency (National Assembly) Allied Builders (Seychelles),,835832.65,SR,,"SR 835,832.65",Infrastructure
Tender Award (NOVEMBER– DECEMBER 2024),,"Request for Additional Works - Construction Drain at Upper Pointe Aux Sel, Au Cap Seychelles Land Transport Agency Ultra Maintenance and Fabrication",,101589.5,SR,,"SR 101,589.50",Infrastructure
Tender Award (NOVEMBER– DECEMBER 2024),,Construction of Stone Retaining Wall at Ma Joie (SLTA/PROJ/2870) Seychelles Land Transport Agency Isle Construction & Cleaning,,255893.0,SR,,"SR 255,893.00",Infrastructure
Tender Award (NOVEMBER– DECEMBER 2024),,"Construction of Shed for Fuel Dispenser and Thermic Oil Heating Area at SLTA's Office at Amitie, Praslin Seychelles Land Transport Agency Sunny Maintenance and Cleaning",,356850.0,SR,,"SR 356,850.00",Infrastructure
Tender Award (NOVEMBER– DECEMBER 2024),,Construction of Retaining Wall at Pascal Village Seychelles Land Transport Agency Esparon's Enterprise,,492605.5,SR,,"SR 492,605.50",Infrastructure
Tender Award (NOVEMBER– DECEMBER 2024),,"Request for Additional Works- Road Improvement at Naiken Road, Mont Plaisir (SLTA/PROJ/2413) Seychelles Land Transport Agency Multifix Maintenance",,26783.8,SR,,"SR 26,783.80",Roads & seawalls
Tender Award (NOVEMBER– DECEMBER 2024),,Construction of Concrete Hardshoulder at Iles de Palmes Domestic Praslin Airport Seychelles Civil Aviation Authority Allied Builders,,597103.15,SR,,"SR 597,103.15",Maritime
Tender Award (NOVEMBER– DECEMBER 2024),,"Major Renovation to Burnt House at Matata, Pointe Larue Property Management Corporation KP Construction",,393130.0,SR,,"SR 393,130.00",Infrastructure
Tender Award (NOVEMBER– DECEMBER 2024),,Major Renovation to Burnt House at La Gogue Property Management Corporation KP Construction,,696315.0,SR,,"SR 696,315.00",Infrastructure
Tender Award (NOVEMBER– DECEMBER 2024),,Re- Roofing Works to Burnt Roof of Two Units at Ile Perseverance 1 Property Management Corporation KP Construction,,330356.15,SR,,"SR 330,356.15",Other
Tender Award (NOVEMBER– DECEMBER 2024),,Re-Roofing of Terraced Units at Roche Caiman Housing Estate. (LOT 2) Property Management Corporation XT Design & Build,,327743.25,SR,,"SR 327,743.25",Housing
Tender Award (NOVEMBER– DECEMBER 2024),,Procurement of 550 Units of Double Wire Fence Seychelles Land Transport Agency K&J Supplies,,705375.0,SR,,"SCR 705,375.00",Transport
Tender Award (NOVEMBER– DECEMBER 2024),,Procurement of Spare Parts for Asphalt Roller Seychelles Land Transport Agency JV International,,,USD,17765.72,"USD 17,765.72",Roads & seawalls
Tender Award (NOVEMBER– DECEMBER 2024),,Procurement of Spare Parts for Asphalt Plant at Zone 20 Seychelles Land Transport Agency Ammann Kenzam,,,EUR,52511.6,"EUR 52,511.60",Roads & seawalls
Tender Award (NOVEMBER– DECEMBER 2024),,Procurement of Two (2) Vehicle Seychelles Land Transport Agency SF Hybrid Motors,,785000.0,SR,,"SCR 785,000.00",Transport
Tender Award (NOVEMBER– DECEMBER 2024),,Procurement of IT Equipment Central Procurement Unit ITECH Computers,,347760.0,SR,,"SCR 347,760.00",ICT
Tender Award (NOVEMBER– DECEMBER 2024),,TRM LAB - Forensics Financial Intelligence Unit TRM Labs Forensics,,,USD,24999.0,"USD 24,999.00",Other
Tender Award (NOVEMBER– DECEMBER 2024),,Acquisition of Electrical Appliances for Hospitality - TVET Ministry of Education Abhaye Valabji,,446970.0,SR,,"SCR 446,970.00",Education
Tender Award (NOVEMBER– DECEMBER 2024),,Acquisition of IGCSE Textbooks for Secondary School with Mallory International Ministry of Education Mallory International LTD,,,GBP,21375.55,"GBP 21,375.55",Education
Tender Award (NOVEMBER– DECEMBER 2024),,Replace Network in Computer Rooms at Perseverance Secondary School Ministry of Education Caliban Holding LTD,,375544.0,SR,,"SCR 375,544.00",Education
Tender Award (NOVEMBER– DECEMBER 2024),,Procurement to Purchase of Photocopy Machines for Assessment Division Ministry of Education Galaxy Systems PTY LTD,,448000.0,SR,,"SCR 448,000.00",Education
Tender Award (NOVEMBER– DECEMBER 2024),,Procurement of IT Equipment Ministry of Education Jeevan Computers,,595300.0,SR,,"SCR 595,300.00",Education
Tender Award (NOVEMBER– DECEMBER 2024),,Acquisition for Procurement of French Books additional cost Ministry Of Education A&Z ENTERPRISE,,70000.0,SR,,"SCR 70,000.00",Education
Tender Award (NOVEMBER– DECEMBER 2024),,Tender for the Supply and Sewing of Uniform for the Immigration Department Immigration & Civil Status Department JG's TAILORING & BOUTIQUE,,411630.0,SR,,"SCR 411,630.00",Other
Tender Award (NOVEMBER– DECEMBER 2024),,Provision of Security Services for Baie Ste Anne Hospital & Grand Anse Praslin Clinic Health Care Agency Shield Security,,361670.4,SR,,"SCR 361,670.40",Health
Tender Award (NOVEMBER– DECEMBER 2024),,Procurement for the Supply of One (1) Hybrid Car Seychelles Bureau of Standards Sun Motors,,368386.0,SR,,"SCR 368,386.00",Transport
Tender Award (NOVEMBER– DECEMBER 2024),,Procurement for the Supply of One (1) Hybrid Car Seychelles Bureau of Standards Sun Motors,,368386.0,SR,,"SCR 368,386.00",Transport
Tender Award (NOVEMBER– DECEMBER 2024),,"Procurement of a Suzuki Ertiga ZX1 Plus Division for Substance Abuse Prevention, Treatment & GTL Motors",,379000.0,SR,,"SCR 379,000.00",Transport
Tender Award (NOVEMBER– DECEMBER 2024),,"Procurement of a Toyota Hiace Van 15 Seater Division for Substance Abuse Prevention, Treatment & Abhaye Valabhji PTY LTD",,575000.0,SR,,"SCR 575,000.00",Transport
Tender Award (NOVEMBER– DECEMBER 2024),,"Procurement of Two (2) Boat Engine Ministry of Agriculture, Climate Change and Environment ACE Marine",,350000.0,SR,,"SCR 350,000.00",Other
Tender Award (NOVEMBER– DECEMBER 2024),,"Procurement of IT for the Online Hazardous Database Ministry of Agriculture, Climate Change and Environment DIGITECH",,511700.0,SR,,"SCR 511,700.00",Other
Tender Award (NOVEMBER– DECEMBER 2024),,Procurement of Additional Service of Electrical Contractor Seychelles Broadcasting Corporation GFM Maintenance,,499500.0,SR,,"SCR 499,500.00",Roads & seawalls
Tender Award (NOVEMBER– DECEMBER 2024),,Procurement and Installation of Multibeam-Echo Sounder Seychelles Fishing Authority SEYCMI,,353151.2,SR,,"SCR 353,151.20",Fisheries
Tender Award (NOVEMBER– DECEMBER 2024),,Procurement for a Pair of Suzuki Outboard Engine Police Department ACE Marine,,690000.0,SR,,"SCR 690,000.00",Other
Tender Award (NOVEMBER– DECEMBER 2024),,ASANA Platform Subscription Renewal Tourism Department OMTERA,,,USD,25000.0,"USD 25,000.00",Other
Tender Award (NOVEMBER– DECEMBER 2024),,Recruitment of Copywriter Tourism Department Glynn Burridge,,25000.0,SR,,"SCR 25,000.00",Other
Tender Award (NOVEMBER– DECEMBER 2024),,Procurement of One (1) MPV Agency for Social Protection Sun Motors LTD,,409000.0,SR,,"SCR 409,000.00",Energy
Tender Award (NOVEMBER– DECEMBER 2024),,Procurement of Vehicle Development Bank of Seychelles Sun Motors LTD,,439000.0,SR,,"SCR 439,000.00",Transport
Tender Award (NOVEMBER– DECEMBER 2024),,Procurement of for The Records (FTR) System (Digital Recording Tools) Judiciary FOR THE RECORD,,,USD,43472.0,"USD 43,472.00",ICT
Tender Award (NOVEMBER– DECEMBER 2024),,Procurement of Two (2) NOS Commercial Ride on Mowers National Sports Council Indian Ocean Export Company,,,ZAR,412676.88,"ZAR 412,676.88",Maritime
Tender Award (NOVEMBER– DECEMBER 2024),,Procurement of One (1) Vehicle National Sports Council Abhaye Valabji PTY LTD,,565000.0,SR,,"SCR 565,000.00",Transport
Tender Award (NOVEMBER– DECEMBER 2024),,Procurement of One SUV Ministry of Internal Affairs PMC Auto PTY LTD,,499000.0,SR,,"SCR 499,000.00",Transport
Tender Award (NOVEMBER– DECEMBER 2024),,Procurement of One (1) 7 Seater Vehicle National Council for Children Kim Koon Motors,,375000.0,SR,,"SCR 375,000.00",Transport
Tender Award (NOVEMBER– DECEMBER 2024),,Procurement of One (1) Vehicle Seychelles Prison Service Abhaye Valabhji,,575000.0,SR,,"SCR 575,000.00",Transport
Tender Award (NOVEMBER– DECEMBER 2024),,Procurement of One (1) SUV Employment Department Kim Koon,,440000.0,SR,,"SCR 440,000.00",Transport
Tender Award (NOVEMBER– DECEMBER 2024),,Procurement of High Voltage ABC Accessories (EDO/030/24) Public Utilities Corporation Sicamex,,,EUR,51215.0,"EUR 51,215.00",Other
Tender Award (NOVEMBER– DECEMBER 2024),,Procurement of Charger Air Cooler (EGR/014F/24) Public Utilities Corporation Engginium International FZC,,,EUR,51215.0,"EUR 51,215.00",Other
Tender Award (NOVEMBER– DECEMBER 2024),,Procurement of Metal Surge Arrestors (EDO/034/24) Public Utilities Corporation Automation & Power Products Ltd,,,USD,22160.0,"USD 22,160.00",Utilities
Tender Award (NOVEMBER– DECEMBER 2024),,Procurement of Hot Dipper Galvanized Cross-Arm (EDO/035/24) Public Utilities Corporation Utilex Engineering Pvt Ltd,,,USD,35208.0,"USD 35,208.00",Energy
Tender Award (NOVEMBER– DECEMBER 2024),,Procurement of Logistics Assistance from His Enterprise (Pty) Ltd For Repair To Undersea Cable To Cerf Public Utilities Corporation HIS Enterprise (Pty) Ltd,,587190.0,SR,,"SR 587,190.00",Maritime
Tender Award (NOVEMBER– DECEMBER 2024),,Procurement of Sewage Pump and Spares (EDO/034/24) Public Utilities Corporation Blue Zone Mauritius Ltd,,,EUR,38833.0,"EUR 38,833.00",Utilities
Tender Award (NOVEMBER– DECEMBER 2024),,Procurement of Spare Parts for W32 Sets EGR/016I/24 Public Utilities Corporation Engginium International FZC,,,EUR,43549.92,"EUR 43,549.92",Other
Tender Award (NOVEMBER– DECEMBER 2024),,Procurement of Air Ventilation Bag Filters (EGR/136/24) Public Utilities Corporation Engginium International FZC,,,EUR,31950.0,"EUR 31,950.00",Other
Tender Award (NOVEMBER– DECEMBER 2024),,Procurement of Circulating Flushing Oil Lubricant (EGR/14l/24) Public Utilities Corporation Texol Lubritech FZC,,,USD,26907.56,"USD 26,907.56",Other
Tender Award (NOVEMBER– DECEMBER 2024),,Procurement of Fuel and Lube Oil Filters (EGR/015I/24) Public Utilities Corporation Engginum International FZC,,,EUR,31500.0,"EUR 31,500.00",Other
Tender Award (NOVEMBER– DECEMBER 2024),,Procurement of Perforated Stainless-Steel Plates (EGR/134/24) Public Utilities Corporation Engginum International FZC,,,USD,45050.0,"USD 45,050.00",Other
Tender Award (NOVEMBER– DECEMBER 2024),,Procurement of Services Relating Refurbishment of Fuel Injection Valves and Nozzles (EGR/111/24) Public Utilities Corporation Enginium International FZC,,,EUR,20250.0,"EUR 20,250.00",Infrastructure
Tender Award (NOVEMBER– DECEMBER 2024),,Procurement Of Single-Phase Meter Boxes ( E/DI/005/24) Public Utilities Corporation CAHORS MAEC SAS,,,EUR,53250.0,"EUR 53,250.00",Other
Tender Award (NOVEMBER– DECEMBER 2024),,Procurement of Charge Air Silencers (EGR/034A/24) Public Utilities Corporation Wartsila Global Logistics Services,,,EUR,27384.0,"EUR 27,384.00",Other
Tender Award (NOVEMBER– DECEMBER 2024),,Procurement of Spares for Wartsila Engine Sets (EGR/138/24 Public Utilities Corporation Stenflex Rudolf Stender GmbH,,,EUR,28996.87,"EUR 28,996.87",Other
Tender Award (NOVEMBER– DECEMBER 2024),,Procurement of Spare Parts for Wartsila Engines (EGR/014H/24) Public Utilities Corporation Enginium International FZC,,,EUR,41310.0,"EUR 41,310.00",Other
Tender Award (NOVEMBER– DECEMBER 2024),,Procurement of Personal Protective Equipment (PPES) Seychelles Civil Aviation Authority Virgo Trading Ltd,,,EUR,25926.0,"EUR 25,926.00",Other
Tender Award (NOVEMBER– DECEMBER 2024),,Procurement of Walkthrough Metal Detectors at SIA Seychelles Civil Aviation Authority Hi The Detection Systems France,,,EUR,27710.0,"EUR 27,710.00",Security
Tender Award (JANUARY – APRIL 2021),Public Transport Corporation,Procurement of Uniform for SPTC Staff – Termination of Lot 1,Sunny Ocean Ltd,1177600.0,SR,,"SR1,177,600.00",Other
Tender Award (JANUARY – APRIL 2021),"Truth, Reconciliation and National Unity Commission","Supply, Set-Up and Operation of Own Video and Audio Recording Equipment",Toulebox,7000.0,SR,,"SR7,000.00/day",Other
Tender Award (JANUARY – APRIL 2021),Public Utilities Corporation,Procurement of Spares for Stork Wartsila,Ruysch International BV,,,,"Euro 39,601.45",Other
Tender Award (JANUARY – APRIL 2021),Public Utilities Corporation,Procurement of 11KV Medium Voltage XLPE Cables & Accessories,Nexans France,,,,"Euro 221,679.97",Other
Tender Award (JANUARY – APRIL 2021),Ministry of Foreign Affairs & Tourism,Procurement of Consultancy Services (Amendment in Contract sum),Mr Abdoulaye Sylla,23985.0,SR,,"SR 23,985",Consultancy
Tender Award (JANUARY – APRIL 2021),Public Utilities Corporation,Procurement of Complete Filter Assembly and Accessories for Desalination Plants,German Gulf Enterprise Ltd,,,,"Euro 40,003.80",Infrastructure
Tender Award (JANUARY – APRIL 2021),Seychelles Ports Authority,Supply and Installation of Chain Link Fence at Zone 14,Adam & Son Pty Ltd,795396.8,SR,,"SR795,396.80.",Other
Tender Award (JANUARY – APRIL 2021),Ministry of Education,Acquisition of Container – Re-engineered Office Block,Meemar Building System FCZ,,USD,26925.0,"USD26,925.00",Infrastructure
Tender Award (JANUARY – APRIL 2021),Public Utilities Corporation,Procurement of Copper Tubes,Optimus Global Trading FZ LLC,,AED,20126.0,"AED 20,126.00",Other
Tender Award (JANUARY – APRIL 2021),Police Department,Procurement of Vehicles x 14,Henri Fraise & Fils,5175000.0,SR,,"SR5,175,000.00",Transport
Tender Award (JANUARY – APRIL 2021),Ministry of Lands & Housing,Construction of 1 x 4 Bedroom House at Anse La Mouche Baie Lazare - Variations,CNC Maintenance Contractor,99205.0,SR,,"SR99,205.00",Other
Tender Award (JANUARY – APRIL 2021),Public Utilities Corporation,Procurement of Technical Services to undertake Crankpin & Main Journal Polishing of Wartsila Engine Set A21 at Roche Caiman,Wartsila Eastern Africa Ltd,,,,"Euro 6,977.00",Other
Tender Award (JANUARY – APRIL 2021),Ministry of Foreign Affairs & Tourism,Procurement of Consultancy Services,Mr Alain Butler Payet,25000.0,SR,,"SR25,000.00 /mth",Consultancy
Tender Award (JANUARY – APRIL 2021),Seychelles Ports Authority,Procurement of Works – Road Surfacing Work on Eve Island Annex – Baie Ste Anne Praslin,Seychelles Land Transport Agency,1100000.0,SR,,"SR1,100,000.00",Roads & seawalls
Tender Award (JANUARY – APRIL 2021),Seychelles Heritage Foundation,Procurement of Security Services for Domaine de Val Des Pres & Mission Lodge - Extension,Marpol Security,113966.43,SR,,"SR113,966.43 (1mth)",Security
Tender Award (JANUARY – APRIL 2021),Seychelles Fire & Rescue Services Agency,Procurement of Two Fire Tenders,Cobra Fire Pty Ltd,,USD,504535.0,"USD 504,535.00",Other
Tender Award (JANUARY – APRIL 2021),Department of Risk and Disaster Management,Procurement for the Development of the National Disaster Risk Reduction Strategic Plan 2015 – 2030,Ms Divina Sabino,168000.0,SR,,"SR168,000.00",Utilities
Tender Award (JANUARY – APRIL 2021),National Sports Council,Reinstatement of National Swimming Pool & Machinery and Equipment,Smart Tech Services/Import,612370.0,SR,,"USD108,746.30 SR612,370.00",Sports
Tender Award (JANUARY – APRIL 2021),Seychelles Police,Procurement of Police Uniform and Accessories,Stats Overseas India,,USD,34830.0,"USD34,830.00",Other
Tender Award (JANUARY – APRIL 2021),Seychelles Fisheries Authority,Procurement of Additional Security,Ace Security Pty Ltd,16297.0,SR,,"SR16,297.00 /mth",Other
Tender Award (JANUARY – APRIL 2021),Public Utilities Corporation,Procurment of Consultancy Services for Technical Assessment of Power System on Mahe,Tracetebel Engineering Gmbh,,,,"Euro 174,500.00",Consultancy
Tender Award (JANUARY – APRIL 2021),Public Utilities Corporation,Technical Services to Undertake Machining Works on Wartsila Engine A6 at Roche Caiman Power Plant,Wartsila Eastern Africa Ltd,,,,"Euro 50,566.00",Other
Tender Award (JANUARY – APRIL 2021),Public Utilities Corporation,Procurement of Sensors,Engginium International FZC,,,,"Euro 42,040.08",Other
Tender Award (JANUARY – APRIL 2021),Seychelles Agricultural Agency,"Construction of a New Farm Road at Helvetia, La Misere – Variation Works",Belvedere Builders,229049.32,SR,,"SR229,049.32",Roads & seawalls
Tender Award (JANUARY – APRIL 2021),Seychelles Fishing Authority,Procurement of Nemo STVU Terminals,Kingsgate Electronic Services,,,,"Euro 212,445.00",Other
Tender Award (JANUARY – APRIL 2021),Public Utilities Corporation,Procurement of Fuel Injection Spares for 18V32LN Engines,Engginium International FZC,,,,"Euro 36,771.32",Other
Tender Award (JANUARY – APRIL 2021),Seychelles Ports Authority,Procurement of Consultancy Services for the Engineering and Design for the Development of Eve Annex Island Praslin,GIBB Seychelles Ltd,7480500.0,SR,,"SR7,480,500.00",Consultancy
Tender Award (JANUARY – APRIL 2021),Seychelles Land Transport Agency,Procurement of 3000 Streetlights – Additional Cost,Delight Distribution Pty Ltd,358827.36,SR,,"SR358,827.36",Transport
Tender Award (JANUARY – APRIL 2021),Health Care Agency,Procurement of Security Services for Seychelles Hospital – Extension of Contract,B & N Security,270088.0,SR,,"SR270,088",Health
Tender Award (JANUARY – APRIL 2021),Health Care Agency,Procurement of Security Services for Seychelles Hospital – Extension of Contract,24/17 Company Limited,250796.0,SR,,"SR 250,796.00",Health
Tender Award (JANUARY – APRIL 2021),Technical Section Services,Procurement of Security Services for Ministry of Health/Education/Local Govt.,Active Protection Services,838682.0,SR,,"SR838,682.00 (6mths)",Education
Tender Award (JANUARY – APRIL 2021),Technical Section Services,Procurement of Security Services for Ministry of Health/Education/Local Govt.,Alliance Security,2091954.1,SR,,"SR2,091,954.1(6 mths)",Education
Tender Award (JANUARY – APRIL 2021),Technical Section Services,Procurement of Security Services for Ministry of Health/Education/Local Govt.,General Security,1379376.88,SR,,"SR1,379,376.88 (6mths)",Education
Tender Award (JANUARY – APRIL 2021),Technical Section Services,Procurement of Security Services for Ministry of Health/Education/Local Govt.,Secure R U S,2618429.08,SR,,"SR2,618,429.08 (6mths)",Education
Tender Award (JANUARY – APRIL 2021),Technical Section Services,Procurement of Security Services for Ministry of Health/Education/Local Govt.,Ace Security Services,3045182.92,SR,,"SR3,045,182.92 (6mths)",Education
Tender Award (JANUARY – APRIL 2021),Technical Section Services,Procurement of Security Services for Ministry of Health/Education/Local Govt.,Pegasus Security Co.,2095122.84,SR,,"SR2,095,122.84 (6mths)",Education
Tender Award (JANUARY – APRIL 2021),Technical Section Services,Procurement of Security Services for Ministry of Health/Education/Local Govt.,Security Protection Services,1677629.88,SR,,"SR1,677,629.88 (6mths)",Education
Tender Award (JANUARY – APRIL 2021),Technical Section Services,Procurement of Security Services for Ministry of Health/Education/Local Govt.,Express Security Agency,1357529.62,SR,,"SR1,357,529.62 (6mths)",Education
Tender Award (JANUARY – APRIL 2021),Technical Section Services,Procurement of Security Services for Ministry of Health/Education/Local Govt.,Storm Alarm & Security Services,1048253.86,SR,,"SR1,048,253.86 (6mths)",Education
Tender Award (JANUARY – APRIL 2021),Technical Section Services,Procurement of Security Services for Ministry of Health/Education/Local Govt.,Xtreme Security Services,1654231.12,SR,,"SR1,654,231.12 (6mths)",Education
Tender Award (JANUARY – APRIL 2021),Technical Section Services,Procurement of Security Services for Ministry of Health/Education/Local Govt.,Stronghold Security,2159674.36,SR,,"SR2,159,674.36 (6mths)",Education
Tender Award (JANUARY – APRIL 2021),Technical Section Services,Procurement of Security Services for Ministry of Health/Education/Local Govt.,Guard Amour Security,1400771.96,SR,,"SR1,400,771.96 (6mths)",Education
Tender Award (JANUARY – APRIL 2021),Technical Section Services,Procurement of Security Services for Ministry of Health/Education/Local Govt.,DIQQA,1337337.16,SR,,"SR1,337,337.16 (6mths)",Education
Tender Award (JANUARY – APRIL 2021),Technical Section Services,Procurement of Security Services for Ministry of Health/Education/Local Govt.,CAT Security,1869954.86,SR,,"SR1,869,954.86 (6mths)",Education
Tender Award (JANUARY – APRIL 2021),Technical Section Services,Procurement of Security Services for Ministry of Health/Education/Local Govt.,XWO Security,2113209.18,SR,,"SR2,113,209.18 (6mths)",Education
Tender Award (JANUARY – APRIL 2021),Technical Section Services,Procurement of Security Services for Ministry of Health/Education/Local Govt.,Marpol Security,2268098.74,SR,,"SR2,268,098.74 (6mths)",Education
Tender Award (JANUARY – APRIL 2021),Technical Section Services,Procurement of Security Services for Ministry of Health/Education/Local Govt.,Shield Security,2031630.38,SR,,"SR2,031,630.38 (6mths)",Education
Tender Award (JANUARY – APRIL 2021),Technical Section Services,Procurement of Security Services for Ministry of Health/Education/Local Govt.,Royal Security Services,1767754.5,SR,,"SR1,767,754.5 (6mths)",Education
Tender Award (JANUARY – APRIL 2021),Technical Section Services,Procurement of Security Services for Ministry of Health/Education/Local Govt.,La Digue Island Security Services,1486613.32,SR,,"SR1,486,613.32 (6mths)",Education
Tender Award (JANUARY – APRIL 2021),Development Bank of Seychelles,Update of IFRS 9 Modelling,BDO Associates,,USD,17500.0,"USD17,500.00",Other
Tender Award (JANUARY – APRIL 2021),Public Utilities Corporation,Procurement of Spares for Alva Laval Lube Oil Separators (Inspection Kits) (E/GR/183/20),Alfa Laval (Pty) Ltd,,EUR,5696.77,"EUR 5,696.77",Other
Tender Award (JANUARY – APRIL 2021),Public Utilities Corporation,Procurement of Spares for Data Loggers (WDS/001/21),Technology Limited,,EUR,5978.0,"EUR 5,978.00",Other
Tender Award (JANUARY – APRIL 2021),Public Utilities Corporation,Procurement of Spares for Wartsila Engines -Lubricating and Fuel Oil Filter Inserts (E/GR/184/20),Engginium International FZC,,EUR,26933.2,"EUR 26,933.20",Other
Tender Award (JANUARY – APRIL 2021),Public Utilities Corporation,Procurement of Strainer Basket (DES/001/21),FAM snc di Checcacci S. & C.,,EUR,6919.0,"EUR 6,919.00",Other
Tender Award (JANUARY – APRIL 2021),Public Utilities Corporation,Procurement of 45MT Poly Aluminum Chloride (WSP/002/21),Optimus Global Trading FZ-LLC,,USD,29250.0,"USD 29,250.00",Other
Tender Award (JANUARY – APRIL 2021),Public Utilities Corporation,Procurement of Soda Ash (WSP/001/21),Optimus Global Trading FZ-LLC,,USD,21080.0,"USD 21,080.00",Other
Tender Award (JANUARY – APRIL 2021),Public Utilities Corporation,Procurement of Maintenance Spares for Wartsila Engines 18V32LN Turning Device (E/GR/002/21),Wartsila Global Logistics Services,,EUR,6285.2,"EUR 6,285.20",Other
Tender Award (JANUARY – APRIL 2021),Public Utilities Corporation,Procurement of Submersible Intake Pump Spares (EMW/001/21),Blue Zone Mauritius Ltd,,EUR,13488.0,"EUR 13,488.00",Utilities
Tender Award (JANUARY – APRIL 2021),Public Utilities Corporation,Request for Variation in Condition- Procurement of Safety Shoes (STO/001/20),VM Footwear,,USD,2371.9,"USD 2,371.90",Other
Tender Award (JANUARY – APRIL 2021),Public Utilities Corporation,Procurement of Pentair Cartridge Filter Housing Spares (DES/003/21),"Pentair Water, India Pvt Ltd",,USD,7450.0,"USD 7,450.00",Housing
Tender Award (JANUARY – APRIL 2021),Public Utilities Corporation,Procurement of Upgrade Kits for Control Shaft Arrangement for Wartsila Engines (E/GR/062/20),Wartsila Global Logistics Services,,EUR,12260.0,"EUR 12,260.00",Other
Tender Award (JANUARY – APRIL 2021),Public Utilities Corporation,Procurement of Boat Charter Services for Laying of Submarine cable Between Eve Island and Round Island (PROJ/001/21),Vijay Construction (Seychelles Pty Ltd),407000.0,SR,,"SR 407,000.00",Maritime
Tender Award (JANUARY – APRIL 2021),Public Utilities Corporation,Procurement of Preheater Water Pump Spares (E/GR/007/21),Wartsila Global Logistics Services,,EUR,5992.0,"EUR 5,992.00",Utilities
Tender Award (JANUARY – APRIL 2021),Public Utilities Corporation,Procurement of Cable Joints and Terminations (E/DU/002/21),Nexans Power Accessories France,,EUR,16600.0,"EUR 16,600.00",Other
Tender Award (JANUARY – APRIL 2021),Public Utilities Corporation,Procurement of Ultra-Low Temperature Chest Freezer (E/GR/069/21),Legend General Supply,,SGD,16000.0,"SGD 16,000.00",Other
Tender Award (JANUARY – APRIL 2021),Public Utilities Corporation,Refurbishment Works on the La Gogue Pipeline,Sinohydro Corporation Limited,,USD,119183.62,"USD 119,183.62",Infrastructure
Tender Award (JANUARY – APRIL 2021),Seychelles Heritage Foundation,Extension of Contract for Security Services,Marpol Security,113966.43,SR,,"SR113,966.43",Security
Tender Award (JANUARY – APRIL 2021),Ministry of Lands & Housing,Proposed Extension of Independence House 6th Floor at Victoria,H & R New Design & Build,1348230.0,SR,,"SR1,348,230.00",ICT
Tender Award (JANUARY – APRIL 2021),Seychelles Civil Aviation Authority,Modernisation of SCAA ICT Infrastructure and Systems,Birger International Ltd,,USD,1772503.16,"USD1,772,503.16",Infrastructure
Tender Award (JANUARY – APRIL 2021),Department of Energy & Climate Change,Procurement of Consultancy Services for Preparation of First Biennal Update Report under the UN Framework Convention on Climate Change 2020-2021 - Chapter 3,Island Carbon Consultant,273000.0,SR,,"SR273,000.00",Maritime
Tender Award (JANUARY – APRIL 2021),Department of Energy & Climate Change,Procurement of Consultancy Services for Preparation of First Biennal Update Report under the UN Framework Convention on Climate Change 2020-2021 - Chapter 4,CC Square Consulting,,USD,49500.0,"USD49,500.00",Maritime
Tender Award (JANUARY – APRIL 2021),Department of Energy & Climate Change,Procurement of Consultancy Services for Preparation of First Biennal Update Report,Island Carbon Consultant,136500.0,SR,,"SR136,500.00",Maritime
Tender Award (JANUARY – APRIL 2021),Department of Energy & Climate Change,Procurement of Consultancy Services for Preparation of First Biennal Update Report under the UN Framework Convention on Climate Change 2020-2021 - Chapter 6,Island Carbon Consultant,73710.0,SR,,"SR73,710.00",Maritime
Tender Award (JANUARY – APRIL 2021),Public Utilities Corporation,Procurement of Low Voltage Cables,Apar Industries,,USD,199329.0,"USD199,329.00",Other
Tender Award (JANUARY – APRIL 2021),Ministry of Lands & Housing,"Proposed Construction of Road, Retaining Wall & Rock Armouring and Drain at Lo Lanmar Beau Vallon - Variation",Dyna Construction,178011.82,SR,,"SR178,011.82",Infrastructure
Tender Award (JANUARY – APRIL 2021),Landscape & Waste Management Agency,Cleaning of Beaches Cat 3 – Retender West - Lot 2,Contita Cleaning Agency,351000.0,SR,,"SR351,000.00",Environment
Tender Award (JANUARY – APRIL 2021),Landscape & Waste Management Agency,Cleaning of Beaches Cat 3 – Retender West - Lot 3,Sandy’s Beach Cleaning,288000.0,SR,,"SR288,000.00",Environment
Tender Award (JANUARY – APRIL 2021),Landscape & Waste Management Agency,Cleaning of Beaches Cat 3 – Retender West - Lot 4,RG Agency,684000.0,SR,,"SR684,000.00",Environment
Tender Award (JANUARY – APRIL 2021),Landscape & Waste Management Agency,Cleaning of Beaches Cat 3 – Retender East B - Lot 2,Bambino Agency,1647108.36,SR,,"SR1,647,108.36",Environment
Tender Award (JANUARY – APRIL 2021),Landscape & Waste Management Agency,Cleaning of Beaches Cat 3 – Retender North - Lot 3,BB Services,1009040.0,SR,,"SR1,009,040.00",Environment
Tender Award (JANUARY – APRIL 2021),Landscape & Waste Management Agency,Cleaning of Beaches Cat 3 – Retender North - Lot 4,Shamie’s Cleaning Agency,624942.0,SR,,"SR624,942.00",Environment
Tender Award (JANUARY – APRIL 2021),Landscape & Waste Management Agency,Cleaning of Beaches Cat 3 – Retender North - Lot 5,SP Cleaning,594000.0,SR,,"SR594,000.00",Environment
Tender Award (JANUARY – APRIL 2021),Landscape & Waste Management Agency,Cleaning of Beaches Cat 3 – Retender- North - Lot 7,RL Cleaning Agency,323280.0,SR,,"SR323,280.00",Environment
Tender Award (JANUARY – APRIL 2021),Landscape & Waste Management Agency,Cleaning of Beaches Cat 3 – Retender Praslin Island - Lot 5,Elvis Labrosse,1080000.0,SR,,"SR1,080,000.00",Environment
Tender Award (JANUARY – APRIL 2021),Landscape & Waste Management Agency,Cleaning of Beaches Cat 3 – Retender Praslin Island - Lot 7,JMB Cleaning,540000.0,SR,,"SR540,000.00",Environment
Tender Award (JANUARY – APRIL 2021),Landscape & Waste Management Agency,Cleaning of Beaches Cat 3 – Retender Praslin Island - Lot 8,Mana’s Cleaning Agency,332064.0,SR,,"SR332,064.00",Environment
Tender Award (JANUARY – APRIL 2021),Landscape & Waste Management Agency,Cleaning of Beaches Cat 3 – Retender Praslin Island - Lot 9,M.D Enterprise,720000.0,SR,,"SR720,000.00",Environment
Tender Award (JANUARY – APRIL 2021),Landscape & Waste Management Agency,Cleaning of Beaches Cat 3 – Retender Praslin Island - Lot 10,Beach Cleaning Services,819999.72,SR,,"SR819,999.72",Environment
Tender Award (JANUARY – APRIL 2021),Landscape & Waste Management Agency,Cleaning of Beaches Cat 3 – Retender Praslin Island - Lot 12,Nature Solutions Agency,900000.0,SR,,"SR900,000.00",Environment
Tender Award (JANUARY – APRIL 2021),Public Utilities Corporation,Procurement of Multi Service Distribution Board and Accessories,Lucy Electric South Africa (Proprietary) Limited,,GBP,33404.3,"GBP 33,404.30",Other
Tender Award (JANUARY – APRIL 2021),Ministry of Lands & Housing,Consultancy Services for Sewerage Treatment Plant at Grand Anse Mahe,Greentech Consultants,3925333.3,SR,,"SR3,925,333.30",Utilities
Tender Award (JANUARY – APRIL 2021),Seychelles Revenue Commission,Procurement to Acquire OECD Data Management Solution for SRC,RC Terblanche and Twenty57,,USD,36000.0,"USD36,000.00",Other
Tender Award (JANUARY – APRIL 2021),Ministry of Education,Replacement of Damaged Roofing at Ex- Nisti Bel Ombre,Franky’s Construction,793860.22,SR,,"SR793,860.22",Other
