title,org,eoi_type,category,tags,created_date,submission_deadline,submission_time,description,pdf_url,pdf_text,detail_url
Procurement of 15mm Dry Dial Class C Multi-Jet Water Meters,Public Utilities Corporation,EOI,Infrastructure,,18 March 2026.,2026-03-27,,"Posted in Expression of Interest . T h e Pub lic U t ili t i e s C o r po ra t i o n wis he s t o i n f o r m i n t e r e s t e d pa r t i e s t h a t it will b e u n d e r ta ki n g t h e P ro c ur e m e nt of 15 mm Dry D i a l C la s s C M u l t i - Je t W a t e r M e t e rs ( body m a t e r i a l : br ass ) th r ou g h t h e a d opt i o n o f L i m i te d B i dd i n g M etho d u n de r S e c t i o n 6 1 ( 2) ( a ) o f t h e P ub lic P r o c u r e me n t A ct 2 0 08 . T h is is o n t h e g r o u nd s o f re s t r ic te d q ua li f i e d s ou r c e s t o p r o vi d e t h e g o od s a s pe r s p e ci f ic at i on s. T h e p ro po s e d s h o r t lis te d b i dde r s a r e a s f o ll o ws: - E ls te r K e n t M e t e r i n g P t y L t d (r eg i ona l b r an c h b a s e d in Sou t h Af r ic a ) - Ni ngb o Wa te r M ete r ( G R O U P ) C o . L t d ( C h i na ) - Ana n d W a t e r M ete r M f g C o . ( P ) Ltd . - B M E T E RS s . r . l. ( I t a ly) The Chairman Procurement Review Panel P.O. Box  313, Room 105 Care House Building Victoria, Mahé P: (248) 4 382 000 Sylvie Gopal (Mrs) Secretary secretaryrp@pou.gov.sc",https://www.ntb.sc/media/tender-files/Press_notice-_Waste_Meters.pdf,,https://www.ntb.sc/tenders/expression-of-interest/procurement-of-15mm-dry-dial-class-c-multi-jet-water-meters
Procurement Of Consultancy Services To Develop A Comprehensive Business Continuity Management Systems In Line With Iso 22301 For The Financial Services Authority.,Financial Services Authority,EOI,Infrastructure,,18 March 2026.,2026-04-16,12:00,"Posted in Expression of Interest . The Seychelles Financial Services Authority (“FSA”) is seeking the services of a qualified and experienced Consultancy Firms either locally or internationally to develop a comprehensive Business Continuity Management System (“BCMS”). The main objective of the Consultancy Services is to develop a comprehensive and fully operational BCMS in line with ISO 22301 for the FSA. The BCMS should provide a structured framework to ensure continuity of the Authority’s critical functions during disruptions, strengthen its Organizational resilience and align its business continuity practices taking into account the national framework, stakeholder relationships and international best practices. The Chairman Procurement Review Panel P.O. Box  313, Room 105 Care House Building Victoria, Mahé P: (248) 4 382 000 Sylvie Gopal (Mrs) Secretary secretaryrp@pou.gov.sc",https://www.ntb.sc/media/tender-files/Advert_for_BCMS_FSA_2025_fin.pdf,,https://www.ntb.sc/tenders/expression-of-interest/procurement-of-consultancy-services-to-develop-a-comprehensive-business-continuity-management-systems-in-line-with-iso-22301-for-the-financial-services-authority
Pre-Qualification Of Service Providers For The Management And Operation Of The Government Owned Child Care Centre At Les Mamelles,Ministry of Local Government,Prequalification,Infrastructure,,18 March 2026.,2026-03-30,10:00,"Posted in Expression of Interest . The Ministry of Local Government and Inner Islands invites sealed applications from eligible candidates for purposes of prequalifying Service Providers for “Management and operation of the Government Owned Child Care Centre at Les Mamelles”. Prequalification will be conducted in accordance with the procedures as specified in the Public Procurement Act 2008 and Public Procurement Regulations 2014 Pre-Qualification documents containing detailed terms and conditions, can be collected free of charge, from Mr. Jones Mangroo Procurement Manager Ministry Of Local Government and Inner Islands Tel: 4297400/2502927 Email: This email address is being protected from spambots. You need JavaScript enabled to view it. between 8:00am to 3.30 pm on Monday 16th March 2026 Last day of collection is at 3:00 pm on Friday 20th March 2026 The Chairman Procurement Review Panel P.O. Box  313, Room 105 Care House Building Victoria, Mahé P: (248) 4 382 000 Sylvie Gopal (Mrs) Secretary secretaryrp@pou.gov.sc",https://www.ntb.sc/media/tender-files/MINISTRY_OF_LOCAL_GOVERNMENT_AND_COMMUNITY_AFFAIRS.pdf,,https://www.ntb.sc/tenders/expression-of-interest/pre-qualification-of-service-providers-for-the-management-and-operation-of-the-government-owned-child-care-centre-at-les-mamelles
INVITATION FOR APPLICATION FOR PRE-QUALIFICATION FOR THE PROVISION OF CLEANING & GROUND MAINTENANCE SERVICES FOR CATEGORY (3)THREE,Posted inExpression of Interest,EOI,Infrastructure,,20 February 2026.,,,"Posted in Expression of Interest . INVITATION FOR APPLICATION FOR PRE-QUALIFICATION FOR THE PROVISION OF CLEANING & GROUND MAINTENANCE SERVICES FOR CATEGORY (3)THREE In accordance with Regulations 41 to 45 of the Public Procurement Regulation’s 2014, the Government of Seychelles (GOS) is inviting all registered cleaning and ground maintenance contractors/agencies who are interested to provide “ Cleaning and Ground Maintenance Services ” in Schools , Health and Educational Premises to collect and subsequently submit the duly completed Application Form for Pre-Qualification Meetings will held as follows:- The Application Forms can ve collected at the meeting of from the address Collection of Formthe address below from Monday 23rd February 2026 until Thursday 26th February 2026 The Chairman Procurement Review Panel P.O. Box  313, Room 105 Care House Building Victoria, Mahé P: (248) 4 382 000 Sylvie Gopal (Mrs) Secretary secretaryrp@pou.gov.sc",,,https://www.ntb.sc/tenders/expression-of-interest/invitation-for-application-for-pre-qualification-for-the-provision-of-cleaning-ground-maintenance-services-for-category-3-three
Procurement for Maintenance and Servicing of Air-conditioning at National House Building,Posted inExpression of Interest,Limited Bidding,Infrastructure,,17 February 2026.,2026-02-24,15:00,"Posted in Expression of Interest . The Department of Public Administration wishes to inform interested parties that it will be undertaking the Procurement for Maintenance and Servicing of Air-conditioning at National House Building, through the adoption of Limited Bidding Method under Section 61 2 (a) of the Public Procurement Act 2008. The proposed shortlisted bidders are as follows: This procurement is restricted to potential service providers who possess the necessary technical capacity and qualifications to provide air-conditioning maintenance and servicing to the required standards. The Chairman Procurement Review Panel P.O. Box  313, Room 105 Care House Building Victoria, Mahé P: (248) 4 382 000 Sylvie Gopal (Mrs) Secretary secretaryrp@pou.gov.sc",https://www.ntb.sc/media/tender-files/Bid_Notice_-_Maintenance_of_AC_Unit_reviewed_Feb_2026.pdf,,https://www.ntb.sc/tenders/expression-of-interest/procurement-for-maintenance-and-servicing-of-air-conditioning-at-national-house-building
Pre-Qualification Of Service Providers For The “Youth At Risk Programme,Posted inExpression of Interest,EOI,Infrastructure,,10 February 2026.,2026-03-03,11:00,"Posted in Expression of Interest . PRE-QUALIFICATION NOTICE Pre-Qualification Of Service Providers For The “Youth At Risk Programme. ” The Family and Equality Department intends to pre-qualify Service Providers for the “ Youth at Risk Programme” . The Pre-Qualification documents containing detailed Terms and Conditions, can be collected free of charge, at the Office of the Family and Equality Department between 9am to 3pm . Mondays to Fridays Last day of collection Monday 16 th February 2026. The Chairman Procurement Review Panel P.O. Box  313, Room 105 Care House Building Victoria, Mahé P: (248) 4 382 000 Sylvie Gopal (Mrs) Secretary secretaryrp@pou.gov.sc",https://www.ntb.sc/media/tender-files/advert_-_EXPRESSION_OF_INTEREST_-youth_at_risk_2026_fin.pdf,,https://www.ntb.sc/tenders/expression-of-interest/pre-qualification-of-service-providers-for-the-youth-at-risk-programme
Consultancy Services for Developing the Second Biennial Transparency Report (BTR2),Climate Change Department,EOI,Infrastructure,,19 August 2025.,2025-09-03,09:00,"Posted in Expression of Interest . Consultancy Services for Developing the Second Biennial Transparency Report (BTR2) The Climate Change Department is inviting Expressions of Interest (EOI) from qualified consultants to support Seychelles prepare and submit a Second Biennial Transparency Report (BTR2) to meet UNFCCC and PA reporting requirements while responding to national development goals and allowing for “built-in flexibility” of the country needs in light of its capacities and national circumstances, priorities and needs, while bridging gaps identified. The topics of interest include: The Chairman Procurement Review Panel P.O. Box  313, Room 105 Care House Building Victoria, Mahé P: (248) 4 382 000 Sylvie Gopal (Mrs) Secretary secretaryrp@pou.gov.sc",https://www.ntb.sc/media/tender-files/EOI_ADVERT_CHAPTERS_BTR2.pdf,,https://www.ntb.sc/tenders/expression-of-interest/consultancy-services-for-developing-the-second-biennial-transparency-report-btr2
Tender For Renovation Work On La Pirogue Flat- Mont Fleuri,Property Management Corporation,Limited Bidding,Housing,,20 December 2024.,2024-12-27,,"Posted in Expression of Interest . The Property Management Corporation (PMC) wishes to inform interested parties that it will be undertaking the Tender For Renovation Work On La Pirogue Flat – Mont Fleuri through the adoption of Limited Bidding Method in line with Section 61 (2) (a) of the Public Procurement Act 2008. This is on the grounds of limited number of qualified contractors meeting the criteria to undertaken the works. The proposed shortlisted bidders are as follows: The Chairman Procurement Review Panel P.O. Box  313, Room 105 Care House Building Victoria, Mahé P: (248) 4 382 000 Sylvie Gopal (Mrs) Secretary secretaryrp@pou.gov.sc",https://www.ntb.sc/media/tender-files/Press_Notice_-_Tender_for_the_Renovation_at_La_Pirogue_Flat_Mont_Fleuri.pdf,,https://www.ntb.sc/tenders/expression-of-interest/tender-for-renovation-work-on-la-pirogue-flat-mont-fleuri
Procurement Of Frozen Whole Chicken Meat,Seychelles Prison Service,Limited Bidding,Infrastructure,,04 December 2024.,2024-12-10,15:00,"Posted in Expression of Interest . The Seychelles Prison Service wishes to inform that it will be procuring 3240kg of frozen whole chicken meat per month through the use of ""Limited Bidding Method” in line with Section 61 2 (a) of the Public Procurement Act of 2008. The purpose of this procurement is to ensure that the inmates have a balanced and nutritious diet. Which is essential for maintaining health and well-being and will help meet the dietary needs of the prison population. Ensuring proper nutrition can contribute to better overall, which is important for the smooth operation of the facility. The Chairman Procurement Review Panel P.O. Box  313, Room 105 Care House Building Victoria, Mahé P: (248) 4 382 000 Sylvie Gopal (Mrs) Secretary secretaryrp@pou.gov.sc",,,https://www.ntb.sc/tenders/expression-of-interest/procurement-of-frozen-whole-chicken-meat-2
Procurement Of Frozen Whole Chicken Meat,Posted in Expression of Interest,EOI,Infrastructure,,04 December 2024.,2024-12-10,15:00,"Posted in Expression of Interest . The Chairman Procurement Review Panel P.O. Box  313, Room 105 Care House Building Victoria, Mahé P: (248) 4 382 000 Sylvie Gopal (Mrs) Secretary secretaryrp@pou.gov.sc",,,https://www.ntb.sc/tenders/expression-of-interest/procurement-of-frozen-whole-chicken-meat
SCAA - LIFT TRUCK,Posted in Expression of Interest,EOI,Infrastructure,Vehicles,13 May 2024.,2024-06-06,10:30,"Posted in Expression of Interest . The Chairman Procurement Review Panel P.O. Box  313, Room 105 Care House Building Victoria, Mahé P: (248) 4 382 000 Sylvie Gopal (Mrs) Secretary secretaryrp@pou.gov.sc",,,https://www.ntb.sc/tenders/expression-of-interest/scaa-lift-truck
"Procurement for the supply, installation, and commissioning of new Advance Visual Guidance Docking System (AVGDS)",Posted in Expression of Interest,Limited Bidding,Infrastructure,,02 May 2024.,2024-05-09,15:00,"Posted in Expression of Interest . The SCAA wishes to seek service for the supply, installation, and commissioning of new Advance Visual Guidance Docking System (AVGDS) through the use of ""Limited Bidding Method” in line with Section 61 2 (a) of the Public Procurement Act of 2008. The purpose of the procurement is to acquire a system that can provide accurate guidance to pilots for safe docking of aircraft at the Seychelles International Airport. The Chairman Procurement Review Panel P.O. Box  313, Room 105 Care House Building Victoria, Mahé P: (248) 4 382 000 Sylvie Gopal (Mrs) Secretary secretaryrp@pou.gov.sc",,,https://www.ntb.sc/tenders/expression-of-interest/procurement-for-the-supply-installation-and-commissioning-of-new-advance-visual-guidance-docking-system-avgds
Printing Of New Stock Of Promotional Items,Tourism Department,Limited Bidding,Infrastructure,,02 May 2024.,2024-05-10,15:00,"Posted in Expression of Interest . The Tourism Department wishes to inform interested parties that it will be undertaking the Procurement of printing new promotional materials inclusive of its main destination brochure and niche brochure using the Limited Bidding Method in line with Section 61 2 (a) of the Public Procurement Act of 2008. The purpose of this procurement is to restock items used when executing its various promotional activities. The Chairman Procurement Review Panel P.O. Box  313, Room 105 Care House Building Victoria, Mahé P: (248) 4 382 000 Sylvie Gopal (Mrs) Secretary secretaryrp@pou.gov.sc",https://www.ntb.sc/media/tender-files/eoi_advertprintingofnewstockofbrochure_final.pdf,,https://www.ntb.sc/tenders/expression-of-interest/printing-of-new-stock-of-promotional-items
PUC-33KV,Posted inExpression of Interest,EOI,Infrastructure,Good and Services,25 April 2024.,2024-05-14,10:00,"Posted in Expression of Interest . Good and Services The Chairman Procurement Review Panel P.O. Box  313, Room 105 Care House Building Victoria, Mahé P: (248) 4 382 000 Sylvie Gopal (Mrs) Secretary secretaryrp@pou.gov.sc",,,https://www.ntb.sc/tenders/expression-of-interest/puc-33kv
PROCUREMENT OF 33kV CABLES,Public Utilities Corporation,Limited Bidding,Infrastructure,,04 April 2024.,2024-04-12,04:00,"Posted in Expression of Interest . The Public Utilities Corporation (PUC) wishes to inform interested parties that it will be undertaking the Procurement of 33kV Cables using the Limited Bidding Method under Section 61 2 (a) of the Public Procurement Act 2008. This is on the grounds of restricted qualified sources to provide the goods as per specifications. The Chairman Procurement Review Panel P.O. Box  313, Room 105 Care House Building Victoria, Mahé P: (248) 4 382 000 Sylvie Gopal (Mrs) Secretary secretaryrp@pou.gov.sc",https://www.ntb.sc/media/tender-files/-33kv_cables_2004.pdf,,https://www.ntb.sc/tenders/expression-of-interest/procurement-of-33kv-cables
Procurement Of Consultancy Services For The Development Of A Programme Certificate In Domiciliary Care,National Institute of Health and Social Studies,EOI,Infrastructure,,25 March 2024.,,,"Posted in Expression of Interest . National Institute Of Health And Social Studies : Invitation For Expression Of Interest Procurement Of Consultancy Services For The Development Of A Programme Certificate In Domiciliary Care The National Institute of Health and Social Studies (NIHSS) is inviting sealed Expressions of Interest (EOI) from suitably qualified and experienced consultant(s)/Consultancy Firms to provide “Consultancy Services for the Development of a Certificate in Domiciliary Care”. The EOI is expected to lead to a Request for Proposal (RFP) for the abovementioned Consultancy Services from short-listed applicants. The EOI Document containing; can be collected from the addresses given below as from Monday 25th March 2024 to Tuesday 2nd April 2024 from 8.00am to 3.00pm. The Chairman Procurement Review Panel P.O. Box  313, Room 105 Care House Building Victoria, Mahé P: (248) 4 382 000 Sylvie Gopal (Mrs) Secretary secretaryrp@pou.gov.sc",https://www.ntb.sc/media/tender-files/eoi_advert_nihss_final.pdf,,https://www.ntb.sc/tenders/expression-of-interest/procurement-of-consultancy-services-for-the-development-of-a-programme-certificate-in-domiciliary-care
SFRSA -RIV  & FIRE TENDER,Posted in Expression of Interest,EOI,Infrastructure,Vehicles,21 March 2024.,2024-04-22,10:00,"Posted in Expression of Interest . The Chairman Procurement Review Panel P.O. Box  313, Room 105 Care House Building Victoria, Mahé P: (248) 4 382 000 Sylvie Gopal (Mrs) Secretary secretaryrp@pou.gov.sc",,,https://www.ntb.sc/tenders/expression-of-interest/sfrsa-riv-fire-tender
Procurement For Services For Aeronautical Obstacle Survey At The Seychelles International Airport And Praslin Airport,Posted in Expression of Interest,Limited Bidding,Infrastructure,,20 March 2024.,,,"Posted in Expression of Interest . The SCAA wishes to procure services from an international ISO Certified OSL Company to conduct Aeronautical Obstacle Survey at the Seychelles International Airport and Praslin Airport through the use of ""Limited Bidding Method” in line with Section 61 2 (a) of the Public Procurement Act of 2008. The purpose of this procurement is to conduct a World Geodetic System – 1984 (WGS-84) obstacle survey and have complete obstacle survey reports for aviation purposes for the Seychelles. Also to acquire aerodrome plans and table of obstacles and terrain data. The proposed shortlisted bidders are as follows: Any potential bidder requiring any information on this Procurement or wishes to express interest in participating in same, may forward their application to the address below :- Principal Procurement Officer Email: This email address is being protected from spambots. You need JavaScript enabled to view it. (Monday to Friday, Office Hours from 0800hrs 1600hrs) The Chairman Procurement Review Panel P.O. Box  313, Room 105 Care House Building Victoria, Mahé P: (248) 4 382 000 Sylvie Gopal (Mrs) Secretary secretaryrp@pou.gov.sc",https://www.ntb.sc/media/tender-files/press_notice_aeronautical_obstacle_survey_sia__pri_mar2024.pdf,,https://www.ntb.sc/tenders/expression-of-interest/procurement-for-services-for-aeronautical-obstacle-survey-at-the-seychelles-international-airport-and-praslin-airport
Tender For Consultancy Services (Project Management) For The Construction Of The New Financial Services Authority (“FSA ”) Headquarters Building.,Financial Services Authority,Limited Bidding,Infrastructure,,20 March 2024.,,,"Posted in Expression of Interest . The Financial Services Authority (“FSA”) wishes to inform the Public that it will be undertaking the procurement of Consultancy Services (Project Management) for the Construction of its new Financial Services Authority (“FSA”) Headquarters Building at Bois De Rose Avenue through the adoption of Limited Bidding Method under Clause 62. 2 (a) of the Public Procurement Act 2008. This is on the grounds of limited number of bidders with the required expertise in-house and capability to undertake the work while meeting the following eligibility criteria: The proposed shortlisted Consultants are as follows: The Chairman Procurement Review Panel P.O. Box  313, Room 105 Care House Building Victoria, Mahé P: (248) 4 382 000 Sylvie Gopal (Mrs) Secretary secretaryrp@pou.gov.sc",https://www.ntb.sc/media/tender-files/press_notice_new_fsa_hq_building_-_final.pdf,,https://www.ntb.sc/tenders/expression-of-interest/tender-for-consultancy-services-project-management-for-the-construction-of-the-new-financial-services-authority-fsa-headquarters-building
SPA - Invitation For Prequalification,Posted in Expression of Interest,Prequalification,Infrastructure,,13 March 2024.,,,"Posted in Expression of Interest . The Seychelles Port Authority (SPA) intends to construct a new deck on pile structure, approximately 310m long, together with the associated revetment, reclamation and back of quay paving works and services on the south-east of the existing quays at the Commercial Port in Port Victoria. The berth pocket and navigational area are to be deepened in order to meet the functional requirements of the new quay. The scope also includes for the provision of one breasting and one mooring dolphin to facilitate the mooring of tanker vessels as well as the provision of the necessary culverts and servitude works to accommodate the relocation of the existing fuel import pipeline, import cement line and connections to be undertaken by others. The expected duration of the contract is 24 months. Prospective applicants willing to participate in the project must demonstrate suitable experience in design, construction, testing and commissioning of marine structural and civil infrastructure and in particular, the execution of piled marine structures, dredging, reclamation and coastal engineering works. The deadline for submission of prequalification documents is Friday 12th April 2024. The Chairman Procurement Review Panel P.O. Box  313, Room 105 Care House Building Victoria, Mahé P: (248) 4 382 000 Sylvie Gopal (Mrs) Secretary secretaryrp@pou.gov.sc",,,https://www.ntb.sc/tenders/expression-of-interest/spa-invitation-for-prequalification
NCSEE -  Consultancy Services for National Communications/ Stakeholder Engagement Expert (NCSEE) for the ISLANDS Project,Ministry of Agriculture,EOI,Infrastructure,,13 March 2024.,,,"Posted in Expression of Interest . Consultancy Services for National Communications/ Stakeholder Engagement Expert (NCSEE) for the ISLANDS Project The Programme and Development Coordination Section (PDCS) under the Ministry of Agriculture, Climate Change and Environment (MACCE) is inviting suitably qualified consultants to provide “Consultancy Services for National Communications/ Stakeholder Engagement Expert (NCSEE) for the ISLANDS Project”. The EOI is expected to lead to a Request for Proposal (RFP) for the above- mentioned consultancy Service from listed applicants. The Expression of Interest (EoI) Document containing: Can be collected/obtained from the address below as from Wednesday 13th March 2024 to Wednesday 20th March 2024, between 9.00am to 3.00pm. The Chairman Procurement Review Panel P.O. Box  313, Room 105 Care House Building Victoria, Mahé P: (248) 4 382 000 Sylvie Gopal (Mrs) Secretary secretaryrp@pou.gov.sc",,,https://www.ntb.sc/tenders/expression-of-interest/ncsee-consultancy-services-for-national-communications-stakeholder-engagement-expert-ncsee-for-the-islands-project
SLA - Consultancy Services for the Licenses Act and Related Regulations’ Review and Amendment,Posted inExpression of Interest,EOI,Infrastructure,,13 March 2024.,,,"Posted in Expression of Interest . Consultancy Services for the Licenses Act and Related Regulations’ Review and Amendment The Seychelles Licensing Authority (SLA) is inviting sealed Expressions of Interest (EOI) from suitably qualified and experienced Consultant(s)/Individuals/Consultancy Firms to provide “Consultancy Services for the Licenses Act and Related Regulations’ Review and Amendment”. The EOI is expected to lead to a Request for Proposal (RFP) for the above-mentioned Consultancy Services from short-listed applicants. The EOI Document containing; Can be collected from the following address given below as from Wednesday 13th March 2024 to Tuesday 19th March 2024 as from 8.00 am to 3.00 pm. The Chairman Procurement Review Panel P.O. Box  313, Room 105 Care House Building Victoria, Mahé P: (248) 4 382 000 Sylvie Gopal (Mrs) Secretary secretaryrp@pou.gov.sc",,,https://www.ntb.sc/tenders/expression-of-interest/sla-consultancy-services-for-the-licenses-act-and-related-regulations-review-and-amendment
SLA -  Consultancy Services for the Review of the License conditions and fees,Posted inExpression of Interest,EOI,Infrastructure,,13 March 2024.,,,"Posted in Expression of Interest . Consultancy Services for the Review of the License conditions and fees The Seychelles Licensing Authority (SLA) is inviting sealed Expressions of Interest (EOI) from suitably qualified and experienced Consultant(s)/Individuals/Consultancy Firms to provide “Consultancy Services for the Review of the License conditions and fees”. The EOI is expected to lead to a Request for Proposal (RFP) for the above-mentioned Consultancy Services from short-listed applicants. The EOI Document containing; Can be collected from the following address given below as from Wednesday 13th March 2024 to Tuesday 19th March 2024 as from 8.00 am to 3.00 pm. The Chairman Procurement Review Panel P.O. Box  313, Room 105 Care House Building Victoria, Mahé P: (248) 4 382 000 Sylvie Gopal (Mrs) Secretary secretaryrp@pou.gov.sc",,,https://www.ntb.sc/tenders/expression-of-interest/sla-consultancy-services-for-the-review-of-the-license-conditions-and-fees
PUC -  Undersea Cable,Posted inExpression of Interest,EOI,Infrastructure,Good and Services,13 March 2024.,2024-03-26,11:00,"Posted in Expression of Interest . Good and Services The Chairman Procurement Review Panel P.O. Box  313, Room 105 Care House Building Victoria, Mahé P: (248) 4 382 000 Sylvie Gopal (Mrs) Secretary secretaryrp@pou.gov.sc",,,https://www.ntb.sc/tenders/expression-of-interest/puc-undersea-cable
SCAA - Procurement of Command Vehicle,Posted in Expression of Interest,EOI,Infrastructure,Good and Services,22 February 2024.,2024-03-21,10:00,"Posted in Expression of Interest . Good and Services The Chairman Procurement Review Panel P.O. Box  313, Room 105 Care House Building Victoria, Mahé P: (248) 4 382 000 Sylvie Gopal (Mrs) Secretary secretaryrp@pou.gov.sc",,,https://www.ntb.sc/tenders/expression-of-interest/scaa-procurement-of-command-vehicle
Procurement Of A Rapid Intervention (Rv) And A Medium Size Fire Tender,Posted in Expression of Interest,Limited Bidding,Infrastructure,,21 February 2024.,2024-02-27,,"Posted in Expression of Interest . The Seychelles Fire and Rescue Services Agency (SFRSA), wishes to inform that the Agency intends to procure One (1) Medium size and One (1) Rapid Intervention Vehicle Fire Tender through the adoption of Limited Bidding method in line with Section 61 2 (a) of the Public Procurement Act 2008. The proposed shortlisted bidders are as follows: The Chairman Procurement Review Panel P.O. Box  313, Room 105 Care House Building Victoria, Mahé P: (248) 4 382 000 Sylvie Gopal (Mrs) Secretary secretaryrp@pou.gov.sc",https://www.ntb.sc/media/tender-files/bid_notice_-_procurement_2_fire_tenders_final.pdf,,https://www.ntb.sc/tenders/expression-of-interest/procurement-of-a-rapid-intervention-rv-and-a-medium-size-fire-tender
PUC- Cartridge Filters,Posted in Expression of Interest,EOI,Infrastructure,Good and Services,05 February 2024.,2024-02-29,11:00,"Posted in Expression of Interest . Good and Services The Chairman Procurement Review Panel P.O. Box  313, Room 105 Care House Building Victoria, Mahé P: (248) 4 382 000 Sylvie Gopal (Mrs) Secretary secretaryrp@pou.gov.sc",,,https://www.ntb.sc/tenders/expression-of-interest/puc-cartridge-filters
PUC -Ground-Mounted Transformers,Posted in Expression of Interest,EOI,Infrastructure,Good and Services,31 January 2024.,2024-02-20,10:00,"Posted in Expression of Interest . Good and Services The Chairman Procurement Review Panel P.O. Box  313, Room 105 Care House Building Victoria, Mahé P: (248) 4 382 000 Sylvie Gopal (Mrs) Secretary secretaryrp@pou.gov.sc",,,https://www.ntb.sc/tenders/expression-of-interest/puc-ground-mounted-transformers
PUC- Supply of Spare Parts,Posted inExpression of Interest,EOI,Infrastructure,Good and Services,26 January 2024.,2024-02-13,10:00,"Posted in Expression of Interest . Good and Services The Chairman Procurement Review Panel P.O. Box  313, Room 105 Care House Building Victoria, Mahé P: (248) 4 382 000 Sylvie Gopal (Mrs) Secretary secretaryrp@pou.gov.sc",,,https://www.ntb.sc/tenders/expression-of-interest/puc-supply-of-spare-parts
Procurement Of Filter Cartridges For Desalination Plants,Public Utilities Corporation,Limited Bidding,Infrastructure,,12 January 2024.,2024-01-24,,"Posted in Expression of Interest . The Public Utilities Corporation (PUC) wishes to inform interested parties that it will be undertaking the procurement of 60” 5-micron filter cartridges for use at its desalination plants, through the adoption of Limited Bidding Method under Section 61 2 (a) of the Public Procurement Act 2008. This is on the grounds of restricted qualified sources to provide the goods as per specification requirement. The proposed shortlisted bidders are as follows: The Chairman Procurement Review Panel P.O. Box  313, Room 105 Care House Building Victoria, Mahé P: (248) 4 382 000 Sylvie Gopal (Mrs) Secretary secretaryrp@pou.gov.sc",https://www.ntb.sc/media/tender-files/2024-01-10-press_notice_-cartridge_filters_for_desalination_plant.pdf,,https://www.ntb.sc/tenders/expression-of-interest/procurement-of-filter-cartridges-for-desalination-plants
SCAA-   Gym Equipment,Posted inExpression of Interest,EOI,Infrastructure,Good and Services,14 December 2023.,2024-01-17,10:30,"Posted in Expression of Interest . Good and Services The Chairman Procurement Review Panel P.O. Box  313, Room 105 Care House Building Victoria, Mahé P: (248) 4 382 000 Sylvie Gopal (Mrs) Secretary secretaryrp@pou.gov.sc",,,https://www.ntb.sc/tenders/expression-of-interest/scaa-gym-equipment
SCAA - TIRES,Posted inExpression of Interest,EOI,Infrastructure,Good and Services,14 December 2023.,2024-01-17,10:30,"Posted in Expression of Interest . Good and Services The Chairman Procurement Review Panel P.O. Box  313, Room 105 Care House Building Victoria, Mahé P: (248) 4 382 000 Sylvie Gopal (Mrs) Secretary secretaryrp@pou.gov.sc",,,https://www.ntb.sc/tenders/expression-of-interest/scaa-tires
PUC-Supply of Multi-Jet Dry Dial M,Posted in Expression of Interest,EOI,Infrastructure,Good and Services,12 December 2023.,2025-12-18,10:00,"Posted in Expression of Interest . Good and Services The Chairman Procurement Review Panel P.O. Box  313, Room 105 Care House Building Victoria, Mahé P: (248) 4 382 000 Sylvie Gopal (Mrs) Secretary secretaryrp@pou.gov.sc",,,https://www.ntb.sc/tenders/expression-of-interest/puc-supply-of-multi-jet-dry-dial
MOE-PICK UP,Posted in Expression of Interest,EOI,Infrastructure,Vehicles,11 December 2023.,2023-12-14,11:30,"Posted in Expression of Interest . The Chairman Procurement Review Panel P.O. Box  313, Room 105 Care House Building Victoria, Mahé P: (248) 4 382 000 Sylvie Gopal (Mrs) Secretary secretaryrp@pou.gov.sc",,,https://www.ntb.sc/tenders/expression-of-interest/moe-pick-up
Procurement of Tires for Fire Tenders at Seychelles International Airport,Posted in Expression of Interest,Limited Bidding,Infrastructure,,27 November 2023.,2023-11-30,10:00,"Posted in Expression of Interest . The SCAA wishes to inform that it will be procure Tires for fire vehicles for the Seychelles International Airport through the use of ""Limited Bidding Method” in line with Section 61 2 (a) of the Public Procurement Act of 2008. The purpose of this procurement is to replenish our stock as per requirement of the International Civil Aviation Organization (ICAO). The Chairman Procurement Review Panel P.O. Box  313, Room 105 Care House Building Victoria, Mahé P: (248) 4 382 000 Sylvie Gopal (Mrs) Secretary secretaryrp@pou.gov.sc",https://www.ntb.sc/media/tender-files/press_notice_-_procurement_of_tyres.pdf,,https://www.ntb.sc/tenders/expression-of-interest/procurement-of-tires-for-fire-tenders-at-seychelles-international-airport
Procurement For The Supply Of Gym Equipment For Airport Fire & Rescue Services At Seychelles International Airport,Posted in Expression of Interest,Limited Bidding,Infrastructure,,27 November 2023.,2023-11-30,10:00,"Posted in Expression of Interest . The SCAA wishes to inform that it will be procuring Gym Equipment for the Seychelles International Airport through the use of ""Limited Bidding Method” in line with Section 61 2 (a) of the Public Procurement Act of 2008. Airport Firefighters and Rescue officers require a high level of physical fitness to meet the demands of their job at the airport. The purpose of the procurement is to upgrade the Mahe facilities already in place and new equipment for Praslin Airport for training purposes. The Chairman Procurement Review Panel P.O. Box  313, Room 105 Care House Building Victoria, Mahé P: (248) 4 382 000 Sylvie Gopal (Mrs) Secretary secretaryrp@pou.gov.sc",,,https://www.ntb.sc/tenders/expression-of-interest/procurement-for-the-supply-of-gym-equipment-for-airport-fire-rescue-services-at-seychelles-international-airport
Agri Dept. Procurement for The Supply Of Equipment For Praslin Abattoir,Posted inExpression of Interest,EOI,Infrastructure,Good and Services,21 November 2023.,2023-12-05,10:30,"Posted in Expression of Interest . Good and Services The Chairman Procurement Review Panel P.O. Box  313, Room 105 Care House Building Victoria, Mahé P: (248) 4 382 000 Sylvie Gopal (Mrs) Secretary secretaryrp@pou.gov.sc",,,https://www.ntb.sc/tenders/expression-of-interest/procurement-for-the-supply-of-equipment-for-praslin-abattoir
SFA-Procurement Of One (1) Mid Size Sport Utilities Vehicle (SUV) -Limited,Posted inExpression of Interest,EOI,Infrastructure,Vehicles,14 November 2023.,2023-11-29,10:30,"Posted in Expression of Interest . The Chairman Procurement Review Panel P.O. Box  313, Room 105 Care House Building Victoria, Mahé P: (248) 4 382 000 Sylvie Gopal (Mrs) Secretary secretaryrp@pou.gov.sc",,,https://www.ntb.sc/tenders/expression-of-interest/sfa-procurement-of-one-1-mid-size-sport-utilities-vehicle-suv-limited
SRC- ” (TMS )  &  (ASYCUDA World)” - Limited,Posted inExpression of Interest,EOI,Infrastructure,Good and Services,14 November 2023.,2023-12-13,,"Posted in Expression of Interest . Good and Services The Chairman Procurement Review Panel P.O. Box  313, Room 105 Care House Building Victoria, Mahé P: (248) 4 382 000 Sylvie Gopal (Mrs) Secretary secretaryrp@pou.gov.sc",,,https://www.ntb.sc/tenders/expression-of-interest/src-procurement-for-the-supply-of-servers-and-equipment-for-backup-and-disaster-recovery-of-the-tax-management-system-tms-and-replacement-for-the-automated-system-for-customs-data-asycuda-world-limited
Tender For The Supply Of Autoclave- Limited,Posted inExpression of Interest,EOI,Infrastructure,Good and Services,06 November 2023.,2023-12-04,10:30,"Posted in Expression of Interest . Good and Services The Chairman Procurement Review Panel P.O. Box  313, Room 105 Care House Building Victoria, Mahé P: (248) 4 382 000 Sylvie Gopal (Mrs) Secretary secretaryrp@pou.gov.sc",,,https://www.ntb.sc/tenders/expression-of-interest/tender-for-the-supply-of-autoclave
SCAA - Procurement for the Supply of Two (2) Mobile Floodlight Towers for SIA,Posted in Expression of Interest,Limited Bidding,Infrastructure,Good and Services,21 September 2023.,2023-10-16,11:00,"Posted in Expression of Interest . Procurement for the Supply of Two (2) Mobile Floodlight Towers for the Seychelles International Airport - Limited Bidding Method Good and Services The Chairman Procurement Review Panel P.O. Box  313, Room 105 Care House Building Victoria, Mahé P: (248) 4 382 000 Sylvie Gopal (Mrs) Secretary secretaryrp@pou.gov.sc",,,https://www.ntb.sc/tenders/expression-of-interest/scaa-procurement-for-the-supply-of-two-2-mobile-floodlight-towers-for-sia
"MACCE - RFP For Procurement Of Consultancy Services To Conduct A Coco De Mer Survey Covering Both Private And Government Properties On Mahe, Praslin, Curieuse La Digue And Silhouette",Ministry of Agriculture,EOI,Infrastructure,Good and Services,11 September 2023.,2023-09-26,11:00,"Posted in Expression of Interest . Ministry of Agriculture, Climate Change and Environment - RFP For Procurement Of Consultancy Services To Conduct A Coco De Mer Survey Covering Both Private And Government Properties On Mahe, Praslin, Curieuse La Digue And Silhouette Good and Services The Chairman Procurement Review Panel P.O. Box  313, Room 105 Care House Building Victoria, Mahé P: (248) 4 382 000 Sylvie Gopal (Mrs) Secretary secretaryrp@pou.gov.sc",,,https://www.ntb.sc/tenders/expression-of-interest/macce-rfp-for-procurement-of-consultancy-services-to-conduct-a-coco-de-mer-survey-covering-both-private-and-government-properties-on-mahe-praslin-curieuse-la-digue-and-silhouette
PUC-Procurement of PC Fittings,Posted in Expression of Interest,EOI,Infrastructure,Good and Services,30 August 2023.,2023-09-14,10:00,"Posted in Expression of Interest . Good and Services The Chairman Procurement Review Panel P.O. Box  313, Room 105 Care House Building Victoria, Mahé P: (248) 4 382 000 Sylvie Gopal (Mrs) Secretary secretaryrp@pou.gov.sc",,,https://www.ntb.sc/tenders/expression-of-interest/puc-procurement-of-pc-fittings
Procurement Of Distribution Transformers,Public Utilities Corporation,Limited Bidding,Infrastructure,,14 August 2023.,2023-08-18,,"Posted in Expression of Interest . The Public Utilities Corporation (PUC) wishes to inform interested parties that it will be undertaking the Procurement of Distribution Transformers through the adoption of Limited Bidding Method under Section 61 2 (a) of the Public Procurement Act 2008. This is on the grounds of restricted qualified sources to provide the goods as per required specifications. The Chairman Procurement Review Panel P.O. Box  313, Room 105 Care House Building Victoria, Mahé P: (248) 4 382 000 Sylvie Gopal (Mrs) Secretary secretaryrp@pou.gov.sc",,,https://www.ntb.sc/tenders/expression-of-interest/procurement-of-distribution-transformers
HCA :  STANDBY GENERATORS,Posted inExpression of Interest,EOI,Infrastructure,Good and Services,11 August 2023.,2023-09-06,10:00,"Posted in Expression of Interest . Good and Services The Chairman Procurement Review Panel P.O. Box  313, Room 105 Care House Building Victoria, Mahé P: (248) 4 382 000 Sylvie Gopal (Mrs) Secretary secretaryrp@pou.gov.sc",,,https://www.ntb.sc/tenders/expression-of-interest/hca-standby-generators
PUC-Spares for Major Overhaul on Wartsila Engines,Posted inExpression of Interest,EOI,Infrastructure,Good and Services,04 August 2023.,2023-08-21,10:00,"Posted in Expression of Interest . Good and Services The Chairman Procurement Review Panel P.O. Box  313, Room 105 Care House Building Victoria, Mahé P: (248) 4 382 000 Sylvie Gopal (Mrs) Secretary secretaryrp@pou.gov.sc",,,https://www.ntb.sc/tenders/expression-of-interest/puc-spares-for-major-overhaul-on-wartsila-engines
PUC -Low Voltage,Posted inExpression of Interest,EOI,Infrastructure,Good and Services,21 July 2023.,2023-09-14,10:00,"Posted in Expression of Interest . Good and Services The Chairman Procurement Review Panel P.O. Box  313, Room 105 Care House Building Victoria, Mahé P: (248) 4 382 000 Sylvie Gopal (Mrs) Secretary secretaryrp@pou.gov.sc",,,https://www.ntb.sc/tenders/expression-of-interest/puc-low-voltage
Application for Provision of Security Services on Government-Owned Premises,Ministry of Education,Limited Bidding,Infrastructure,,11 July 2023.,2023-07-18,03:00,"Posted in Expression of Interest . The Ministry of Education and the Health Care Agency, through the Technical Support Section (TSS) within the Ministry of Finance, National Planning and Trade, wishes to inform all interested Security Service Providers that it will be undertaking the procurement for the Provision of Security Services at Educational and Health Institutions on Mahé, using Limited Bidding Method in line with Section 61 (2) (a) of the Public Procurement Act 2008. This is on the ground of limited number of the qualified Security Services Providers currently on the Technical Support Section (TSS) shortlist of Bidders . The Chairman Procurement Review Panel P.O. Box  313, Room 105 Care House Building Victoria, Mahé P: (248) 4 382 000 Sylvie Gopal (Mrs) Secretary secretaryrp@pou.gov.sc",https://www.ntb.sc/media/tender-files/security_services_edu_hca_final.pdf,,https://www.ntb.sc/tenders/expression-of-interest/application-for-provision-of-security-services-on-government-owned-premises
"Consultancy for the SCAA Information, Communication and Technology (ICT) Staff Level Assessment",Seychelles Civil Aviation Authority,EOI,Infrastructure,,07 July 2023.,,,"Posted in Expression of Interest . The Seychelles Civil Aviation Authority is seeking local and international expertise of suitable qualified and experience Individual/Consultant/Consultancy Firms to conduct Assessment of its Current Information Communication Technology (ICT) Staffing to establish the right level of personnel in the ICT Division within the right structure that will allow for effectiveness and efficiency in IT service delivery and aligning to achieving the SAA’s business objectives. The Chairman Procurement Review Panel P.O. Box  313, Room 105 Care House Building Victoria, Mahé P: (248) 4 382 000 Sylvie Gopal (Mrs) Secretary secretaryrp@pou.gov.sc",https://www.ntb.sc/media/tender-files/consultancy_ict_staff_resources_assessment_june2023.pdf,,https://www.ntb.sc/tenders/expression-of-interest/consultancy-for-the-scaa-information-communication-and-technology-ict-staff-level-assessment
Procurement of Low Voltage Overhead Cables,Public Utilities Corporation,Limited Bidding,Infrastructure,,07 July 2023.,,,"Posted in Expression of Interest . The Public Utilities Corporation (PUC) wishes to inform interested parties that it will be undertaking the Procurement of Low Voltage Overhead Cables through the adoption of Limited Bidding Method under Section 61 2 (a) of the Public Procurement Act 2008. This is on the grounds of restricted qualified sources to provide the goods as per required specifications. The Chairman Procurement Review Panel P.O. Box  313, Room 105 Care House Building Victoria, Mahé P: (248) 4 382 000 Sylvie Gopal (Mrs) Secretary secretaryrp@pou.gov.sc",,,https://www.ntb.sc/tenders/expression-of-interest/procurement-of-low-voltage-overhead-cables
Procurement Of Polyethylene (PE) Compression Fittings,Public Utilities Corporation,Limited Bidding,Infrastructure,,07 July 2023.,,,"Posted in Expression of Interest . The Public Utilities Corporation wishes to inform interested parties that it will be undertaking the Procurement of Polyethyelene (PE) compression fittings through the adoption of Limited Bidding method under Section 61 2 (a) of the Public Procurement Act 2008. This is on the grounds of restricted qualified sources that can supply the specific type of compression fittings that can be used under pressure (PN16) during repairs and maintenance works on the water distribution network The Chairman Procurement Review Panel P.O. Box  313, Room 105 Care House Building Victoria, Mahé P: (248) 4 382 000 Sylvie Gopal (Mrs) Secretary secretaryrp@pou.gov.sc",https://www.ntb.sc/media/tender-files/pe_fittings_2023.pdf,,https://www.ntb.sc/tenders/expression-of-interest/procurement-of-polyethylene-pe-compression-fittings
Tourism Department :  Printing,Tourism Department,EOI,Infrastructure,Good and Services,07 July 2023.,2023-08-03,11:00,"Posted in Expression of Interest . Good and Services The Chairman Procurement Review Panel P.O. Box  313, Room 105 Care House Building Victoria, Mahé P: (248) 4 382 000 Sylvie Gopal (Mrs) Secretary secretaryrp@pou.gov.sc",,,https://www.ntb.sc/tenders/expression-of-interest/tourism-department-the-printing-of-the-main-destination-brochure-in-french-german-and-italian
Agriculture Department - Procurement For The Supply Of Fertilizers,Agriculture Department,EOI,Infrastructure,Good and Services,05 July 2023.,2023-07-19,11:00,"Posted in Expression of Interest . Good and Services The Chairman Procurement Review Panel P.O. Box  313, Room 105 Care House Building Victoria, Mahé P: (248) 4 382 000 Sylvie Gopal (Mrs) Secretary secretaryrp@pou.gov.sc",,,https://www.ntb.sc/tenders/expression-of-interest/agriculture-department-procurement-for-the-supply-of-fertilizers
Renewal Of Microsoft Education Software Licenses For The Ministry Of Education,Ministry of Education,EOI,Infrastructure,Good and Services,04 July 2023.,2023-07-19,10:00,"Posted in Expression of Interest . The Ministry of Education is hereby inviting you to submit bid for the Renewal of Microsoft License for the Ministry of Education Good and Services The Chairman Procurement Review Panel P.O. Box  313, Room 105 Care House Building Victoria, Mahé P: (248) 4 382 000 Sylvie Gopal (Mrs) Secretary secretaryrp@pou.gov.sc",,,https://www.ntb.sc/tenders/expression-of-interest/renewal-of-microsoft-education-software-licenses-for-the-ministry-of-education
PMC- Procurement of Two (2) Combination Tankers.,Property Management Corporation,EOI,Infrastructure,Vehicles,30 June 2023.,2023-07-20,10:00,"Posted in Expression of Interest . The Property Management Corporation is hereby inviting you to submit bid for Procurement of Two (2) Combination Tankers Please be advised that all bids should be submitted to the National Tender Board (NTB) Secretariat, by accessing the portal which can be found on the NTB’s Website not later than 10:00 am on Thursday 20th July 2023. The Chairman Procurement Review Panel P.O. Box  313, Room 105 Care House Building Victoria, Mahé P: (248) 4 382 000 Sylvie Gopal (Mrs) Secretary secretaryrp@pou.gov.sc",,,https://www.ntb.sc/tenders/expression-of-interest/pmc-procurement-of-two-2-combination-tankers
SCAA - Procurement For The Supply Of Airport Fire Fighters Personal Protective Equipment.,Posted inExpression of Interest,EOI,Infrastructure,Good and Services,15 June 2023.,2023-07-17,10:30,"Posted in Expression of Interest . Good and Services The Chairman Procurement Review Panel P.O. Box  313, Room 105 Care House Building Victoria, Mahé P: (248) 4 382 000 Sylvie Gopal (Mrs) Secretary secretaryrp@pou.gov.sc",,,https://www.ntb.sc/tenders/expression-of-interest/scaa-procurement-for-the-supply-of-airport-fire-fighters-personal-protective-equipment
SCAA-Supply Of One New Holland Tractor For Seychelles International Airport,Posted in Expression of Interest,EOI,Infrastructure,Good and Services,28 April 2023.,2023-05-23,11:00,"Posted in Expression of Interest . Good and Services The Chairman Procurement Review Panel P.O. Box  313, Room 105 Care House Building Victoria, Mahé P: (248) 4 382 000 Sylvie Gopal (Mrs) Secretary secretaryrp@pou.gov.sc",,,https://www.ntb.sc/tenders/expression-of-interest/scaa-supply-of-one-new-holland-tractor-for-seychelles-international-airport
SCAA - Procurement Of Karcher Cleaning Detergent Rm 81 For Seychelles International Airport (SIA,Posted in Expression of Interest,EOI,Infrastructure,Good and Services,24 April 2023.,2023-05-16,10:30,"Posted in Expression of Interest . Good and Services The Chairman Procurement Review Panel P.O. Box  313, Room 105 Care House Building Victoria, Mahé P: (248) 4 382 000 Sylvie Gopal (Mrs) Secretary secretaryrp@pou.gov.sc",,,https://www.ntb.sc/tenders/expression-of-interest/scaa-procurement-of-karcher-cleaning-detergent-rm-81-for-seychelles-international-airport-sia
Tender For Re-Networking Works At The Ministry’s Secretariat Office.,Ministry of Local Government,Limited Bidding,Infrastructure,,05 April 2023.,,,"Posted in Expression of Interest . The Ministry of Local Government and Community Affairs wishes to inform interested contractors that it will be undertaking Re-Networking Works at the Ministry’s Secretariat, Oceangate House. through the adoption of a Limited Bidding Method in line with Section 61 (2) (a) of the Public Procurement Act 2008. The contractors must have the manpower and capacity to do the work within the given timeframe. The Chairman Procurement Review Panel P.O. Box  313, Room 105 Care House Building Victoria, Mahé P: (248) 4 382 000 Sylvie Gopal (Mrs) Secretary secretaryrp@pou.gov.sc",,,https://www.ntb.sc/tenders/expression-of-interest/tender-for-re-networking-works-at-the-ministry-s-secretariat-office
Procurement Of Karcher Cleaning Detergent Rm 81,Seychelles Civil Aviation Authority,Limited Bidding,Infrastructure,,04 April 2023.,,,"Posted in Expression of Interest . The Seychelles Civil Aviation Authority (SCAA) wishes to inform that it will be procuring Karcher Cleaning Detergent RM81 for the Seychelles International Airport through the use of ""Limited Bidding Method” in line with Section 61 2 (a) of the Public Procurement Act of 2008. The purpose of the procurement is to guarantee that SCAA have sufficient availability cleaning detergent to clean Airport Apron to ensure safety of operational flight when using the Seychelles International Airport The Chairman Procurement Review Panel P.O. Box  313, Room 105 Care House Building Victoria, Mahé P: (248) 4 382 000 Sylvie Gopal (Mrs) Secretary secretaryrp@pou.gov.sc",https://www.ntb.sc/media/tender-files/final_press_notice-_karcher_detergent_mar2023_final.pdf,,https://www.ntb.sc/tenders/expression-of-interest/procurement-of-karcher-cleaning-detergent-rm-81
Electric Mobility Technology,Ministry of Transport,EOI,Infrastructure,,23 March 2023.,2023-04-14,11:00,"Posted in Expression of Interest . The Department of Land Transport (DoT), within the Ministry of Transport, Republic of Seychelles, invites for the Expression of Interest (EOI) for eligible expert(s), individual consultant, and/or consultancy firm to provide the following Consultancy services: The tender has been divided into three (3) lots; Lot 1 – International Policy, Business and Strategy Expert to support with the Development of the gender-sensitive Nation al Electric Mobility Strategy. Lot 2 – International Electric Mobility Technology Expert provide technical economic and financial expertise on the subject of Electric Mobility Technology Lot 3 – International Battery Technology, Charging and Renewable Energy Integration Expert to provide technical and economic expertise on the subject of the integration of electric mobility charging infrastructure and associated market development of renewable energies. The Chairman Procurement Review Panel P.O. Box  313, Room 105 Care House Building Victoria, Mahé P: (248) 4 382 000 Sylvie Gopal (Mrs) Secretary secretaryrp@pou.gov.sc",https://www.ntb.sc/media/tender-files/eoi_-_electric_mobility_project_003.pdf,,https://www.ntb.sc/tenders/expression-of-interest/electric-mobility-technology
HCA-Procurement of Vehicles for the Health Care Agency,Posted inExpression of Interest,EOI,Infrastructure,Vehicles,15 March 2023.,2023-03-21,10:00,"Posted in Expression of Interest . The Chairman Procurement Review Panel P.O. Box  313, Room 105 Care House Building Victoria, Mahé P: (248) 4 382 000 Sylvie Gopal (Mrs) Secretary secretaryrp@pou.gov.sc",,,https://www.ntb.sc/tenders/expression-of-interest/hca-procurement-of-vehicles-for-the-health-care-agency
SMA-Provision Of Consultancy Service To Develop A Computer System For The Collection And Integration Of Meteorological Information,Posted inExpression of Interest,EOI,Infrastructure,Good and Services,10 February 2023.,2023-03-01,10:30,"Posted in Expression of Interest . REQUEST FOR PROPOSALS RFP No.: SMA/CS/2022 Selection of Consulting Services for : Provision Of Consultancy Service To Develop A Computer System For The Collection And Integration Of Meteorological Information Client: Seychelles Meteorological Authority (SMA) Good and Services The Chairman Procurement Review Panel P.O. Box  313, Room 105 Care House Building Victoria, Mahé P: (248) 4 382 000 Sylvie Gopal (Mrs) Secretary secretaryrp@pou.gov.sc",,,https://www.ntb.sc/tenders/expression-of-interest/provision-of-consultancy-service-to-develop-a-computer-system-for-the-collection-and-integration-of-meteorological-information
PUC - Procurement of Four (4) Mini Commercial Trucks,Posted inExpression of Interest,EOI,Infrastructure,Vehicles,06 January 2023.,2023-01-24,10:00,"Posted in Expression of Interest . The Chairman Procurement Review Panel P.O. Box  313, Room 105 Care House Building Victoria, Mahé P: (248) 4 382 000 Sylvie Gopal (Mrs) Secretary secretaryrp@pou.gov.sc",https://www.ntb.sc/media/tender-files/puc.pdf,,https://www.ntb.sc/tenders/expression-of-interest/puc-procurement-of-four-4-mini-commercial-trucks
Procurement of One (1) Sport Utilities Vehicle (SUV) (4WD) for Planning Aurhority,Posted in Expression of Interest,EOI,Infrastructure,,29 November 2022.,2022-12-07,09:30,"Posted in Expression of Interest . The Chairman Procurement Review Panel P.O. Box  313, Room 105 Care House Building Victoria, Mahé P: (248) 4 382 000 Sylvie Gopal (Mrs) Secretary secretaryrp@pou.gov.sc",,,https://www.ntb.sc/tenders/expression-of-interest/procurement-of-one-1-sport-utilities-vehicle-suv-4wd-for-planning-aurhority
Procurement of One (1) Sport Utility Vehicles (SUV) FOR ENVIRONMENT,Posted in Expression of Interest,EOI,Infrastructure,,23 November 2022.,2022-12-01,11:00,"Posted in Expression of Interest . The Chairman Procurement Review Panel P.O. Box  313, Room 105 Care House Building Victoria, Mahé P: (248) 4 382 000 Sylvie Gopal (Mrs) Secretary secretaryrp@pou.gov.sc",,,https://www.ntb.sc/tenders/expression-of-interest/procurement-of-one-1-sport-utility-vehicles-suv-for-environment
Procurement For The Supply Of Promotional Giveaways For The Tourism Department,Tourism Department,Limited Bidding,Infrastructure,,09 November 2022.,,,"Posted in Expression of Interest . The Tourism Department wishes to inform that it will be procuring promotional giveaways through the use of “Limited Bidding Method” in line with Section 61 2 (a) of the Public Procurement Act of 2008. The purpose of this procurement is to re-stock items used as promotional give aways when executing/conducting its various activities and events. The Chairman Procurement Review Panel P.O. Box  313, Room 105 Care House Building Victoria, Mahé P: (248) 4 382 000 Sylvie Gopal (Mrs) Secretary secretaryrp@pou.gov.sc",https://www.ntb.sc/media/tender-files/stb_notice_giveaways_final.pdf,,https://www.ntb.sc/tenders/expression-of-interest/procurement-for-the-supply-of-promotional-giveaways-for-the-tourism-department
The Procurement of Vehicles (Limited Bidding),Posted in Expression of Interest,Limited Bidding,Infrastructure,,19 October 2022.,2022-10-27,10:00,"Posted in Expression of Interest . The Public Enterprise Monitoring Commission invites you to submit your Bid for the Procurement of Vehicles as detailed in the Instruction to Bidders. The Chairman Procurement Review Panel P.O. Box  313, Room 105 Care House Building Victoria, Mahé P: (248) 4 382 000 Sylvie Gopal (Mrs) Secretary secretaryrp@pou.gov.sc",,,https://www.ntb.sc/tenders/expression-of-interest/the-procurement-of-vehicles-limited-bidding
Publishing Of Qualified Shortlisted Applicants For Provision Of Security Services On Government-Owned Premises,Posted inExpression of Interest,EOI,Infrastructure,,19 October 2022.,,,"Posted in Expression of Interest . Further to the pre-qualification notice published on Wednesday 11 th May 2022, the Technical Support Services (TSS) is hereby publishing the shortlisted Security Firms/Companies in accordance with Reg 48 (7) (c) of the Public Procurement Regulations. The Chairman Procurement Review Panel P.O. Box  313, Room 105 Care House Building Victoria, Mahé P: (248) 4 382 000 Sylvie Gopal (Mrs) Secretary secretaryrp@pou.gov.sc",https://www.ntb.sc/media/tender-files/publication_of_security_services.pdf,,https://www.ntb.sc/tenders/expression-of-interest/publishing-of-qualified-shortlisted-applicants-for-provision-of-security-services-on-government-owned-premises
Procurement For The Supply Of A New Public Address System For The Seychelles International Airport,Seychelles Civil Aviation Authority,Limited Bidding,Infrastructure,,08 September 2022.,,,"Posted in Expression of Interest . The Seychelles Civil Aviation Authority (SCAA) wishes to inform that it will be procuring  a New Public Address System through the use of “Limited Bidding Method” in line with Section 61 2 (a) of the Public Procurement Act of 2008. The purpose of this procurement is to replace the existing Public Address System with a new and modernized one to allow more flexibility to the users of the system. The Chairman Procurement Review Panel P.O. Box  313, Room 105 Care House Building Victoria, Mahé P: (248) 4 382 000 Sylvie Gopal (Mrs) Secretary secretaryrp@pou.gov.sc",https://www.ntb.sc/media/tender-files/press_notice_-_supply_of_new_pa_system_sep2022_final.pdf,,https://www.ntb.sc/tenders/expression-of-interest/procurement-for-the-supply-of-a-new-public-address-system-for-the-seychelles-international-airport
Construction Of Road Access And Drainage In Exchange For A Plot Of Land In The Zone 20 Extension,Posted inExpression of Interest,EOI,Roads & seawalls,,07 September 2022.,,,"Posted in Expression of Interest . The Industrial Estates Authority, invites applications from locally registered, qualified and experience contractor with Class 1 operating license who do not own or have an interest in industrial land in the industrial estates for pre-qualification for Construction of road access and storm water drain. The Pre- qualification is expected to lead to an Invitation to Bid (ITB) for the above-mentioned project from short-listed applicants through a formal tender procedure The Chairman Procurement Review Panel P.O. Box  313, Room 105 Care House Building Victoria, Mahé P: (248) 4 382 000 Sylvie Gopal (Mrs) Secretary secretaryrp@pou.gov.sc",https://www.ntb.sc/media/tender-files/iea_-_notice_for_pre-qualification__road_for_land__9.6.22.pdf,,https://www.ntb.sc/tenders/expression-of-interest/construction-of-road-access-and-drainage-in-exchange-for-a-plot-of-land-in-the-zone-20-extension
"Procurement For The Supply, Installation & Commissioning Of Cctv Security Cameras",Seychelles Public Transport Corporation,Limited Bidding,Infrastructure,,11 August 2022.,,,"Posted in Expression of Interest . The Seychelles Public Transport Corporation (SPTC) wishes to inform the public of its intention to carry out the procurement for the Supply, Installation and Commissioning of CCTV Security Cameras at its premises on Mahe and Praslin. The procurement will be undertaken under the “Limited Bidding” Method in line with Section 61 2 (a) of the Public Procurement Act 2008 and will be divided into 2 Lots. This is on the grounds of limited number of suppliers with the capacity to provide ‘the services based on SPTC’s requirements as follow: The Chairman Procurement Review Panel P.O. Box  313, Room 105 Care House Building Victoria, Mahé P: (248) 4 382 000 Sylvie Gopal (Mrs) Secretary secretaryrp@pou.gov.sc",https://www.ntb.sc/media/tender-files/procuremefor_supply_installation__commissioning_of_cctv_security_cameras_002.pdf,,https://www.ntb.sc/tenders/expression-of-interest/procurement-for-the-supply-installation-commissioning-of-cctv-security-cameras
Engineering Procurement And Construction Project For 6.0 +/- 10% Mwe Enhancement Of Generator Capacity For Praslin And La Digue,Posted in Expression of Interest,EOI,Infrastructure,,10 August 2022.,,,"Posted in Expression of Interest . The PUC wishes to inform interested parties that it is in the process of calling for offers from Manufacturers / System Integrators for the Supply, Installation and commissioning of four 1.6 MW or three 2.0 MW diesel generator plants at its Baie Ste Anne Power Plant, through an Engineering Procurement and Construction (EPC) contract. The Chairman Procurement Review Panel P.O. Box  313, Room 105 Care House Building Victoria, Mahé P: (248) 4 382 000 Sylvie Gopal (Mrs) Secretary secretaryrp@pou.gov.sc",https://www.ntb.sc/media/tender-files/press_notice_-_6.0__10_mwe_enchancement_generation_capacity_for_prasli_.pdf,,https://www.ntb.sc/tenders/expression-of-interest/engineering-procurement-and-construction-project-for-6-0-10-mwe-enhancement-of-generator-capacity-for-praslin-and-la-digue
Procurement Of Consultancy Services To Conduct Assessment Of The Country’s Preparedness For Hydro Floro Carbon (Hfc) Phase-Down For The Implementation Of The Montreal Protocol Kigali Hfc Implementation Plan Project Preparation,Ministry of Agriculture,EOI,Infrastructure,,01 August 2022.,,,"Posted in Expression of Interest . The Department of Climate Change from the Ministry of Agriculture, Climate Change and Environmen t is seeking the expertise of qualified Individual/ Consultants / Consultancy Firms, to provide consultancy services for the  “ Assessment of the Country’s preparedness for the Hydro Floro Carbon (HFC) Phase-down for the Implementation of the Montreal Protocol Kigali HFC Implementation Plan Project Preparation (KIP)” The EOI is expected to lead to a Request for Proposal (RFP) for the above- mentioned consultancy Service from listed applicants The Chairman Procurement Review Panel P.O. Box  313, Room 105 Care House Building Victoria, Mahé P: (248) 4 382 000 Sylvie Gopal (Mrs) Secretary secretaryrp@pou.gov.sc",https://www.ntb.sc/media/tender-files/expression_of_interest_hydro_floro.pdf,,https://www.ntb.sc/tenders/expression-of-interest/procurement-of-consultancy-services-to-conduct-assessment-of-the-country-s-preparedness-for-hydro-floro-carbon-hfc-phase-down-for-the-implementation-of-the-montreal-protocol-kigali-hfc-implementation-plan-project-preparation
Procurement of Undersea Cable And Jointing Kits,Public Utilities Corporation,Limited Bidding,Infrastructure,,15 July 2022.,,,"Posted in Expression of Interest . The Public Utilities Corporation (PUC) wishes to inform interested parties that it will be undertaking the procurement of 27.6 Km of undersea cable along with related jointing kits, for installation between Praslin and La Digue through the adoption of Limited Bidding Method under Section 61 2 (a) of the Public Procurement Act 2008. This is on the grounds of restricted qualified sources to provide the goods as per required specifications. The Chairman Procurement Review Panel P.O. Box  313, Room 105 Care House Building Victoria, Mahé P: (248) 4 382 000 Sylvie Gopal (Mrs) Secretary secretaryrp@pou.gov.sc",https://www.ntb.sc/media/tender-files/undersea_cable.pdf,,https://www.ntb.sc/tenders/expression-of-interest/procurement-of-undersea-cable-and-jointing-kits
Construction Of 12 Affordable Housing Units At Glacis,Seychelles Infrastructure Agency,Prequalification,Housing,,06 July 2022.,,,"Posted in Expression of Interest . The Seychelles Infrastructure Agency on behalf of Ministry of Lands and Housing, invites applications from locally registered, qualified and experience contractor with Class 1 operating license for prequalification for Construction of 12 Affordable Housing Units at Glacis. The Pre- qualification is expected to lead to an Invitation to Bid (ITB) for the above-mentioned project from short-listed applicants through a formal tender procedure. The following are eligible to Express Interest on equal terms. The Chairman Procurement Review Panel P.O. Box  313, Room 105 Care House Building Victoria, Mahé P: (248) 4 382 000 Sylvie Gopal (Mrs) Secretary secretaryrp@pou.gov.sc",https://www.ntb.sc/media/tender-files/sia-_construction_of_12_affordable_housing_units_at_glacis_prequlification_final.pdf,,https://www.ntb.sc/tenders/expression-of-interest/construction-of-12-affordable-housing-units-at-glacis
Procurement Of Consultancy Services For The Review Of The Access Programme 2018-21,National Institute of Health and Social Studies,EOI,Infrastructure,,25 May 2022.,2022-06-07,15:00,"Posted in Expression of Interest . The National Institute of Health and Social Studies (NIHSS) is inviting sealed Expressions of Interest (EOI) from suitably qualified and experienced consultant(s)/Consultancy Firms to provide “Consultancy Services for the Review of the Access Programme 2018-21” . The EOI is expected to lead to a Request for Proposal (RFP) for the above mentioned Consultancy Services from short-listed applicants. The Chairman Procurement Review Panel P.O. Box  313, Room 105 Care House Building Victoria, Mahé P: (248) 4 382 000 Sylvie Gopal (Mrs) Secretary secretaryrp@pou.gov.sc",https://www.ntb.sc/media/tender-files/eoi-advert_nihss_16_may_2022_-_final.pdf,,https://www.ntb.sc/tenders/expression-of-interest/procurement-of-consultancy-services-for-the-review-of-the-access-programme-2018-21
Invitation For Application For Pre-Qualification For The Provision Of Security Services On Government-Owned Premises,Posted inExpression of Interest,EOI,Infrastructure,,10 May 2022.,,,"Posted in Expression of Interest . In accordance with Regulations 41 to 45 of the Public Procurement Regulations 2014, the Technical Support Section (TSS) is inviting registered and licensed Security Firms/Companies who are interested to provide “Security Services” on Government-owned Premises to come collect and subsequently submit the duly completed Application Form for Pre-Qualification. The purpose of this exercise is to create a database of shortlisted local Security Firms/Companies, who would be available to provide the above mentioned Services. This would facilitate the selection and/or eligibility of those Firms/Companies to provide such services at the required standards and also remove the need for them to submit the same documentation for every Security Services tender that they participate in. The Chairman Procurement Review Panel P.O. Box  313, Room 105 Care House Building Victoria, Mahé P: (248) 4 382 000 Sylvie Gopal (Mrs) Secretary secretaryrp@pou.gov.sc",https://www.ntb.sc/media/tender-files/eoi_security_services_003.pdf,,https://www.ntb.sc/tenders/expression-of-interest/invitation-for-application-for-pre-qualification-for-the-provision-of-security-services-on-government-owned-premises
Procurement of Two Fire Tenders,Posted inExpression of Interest,Limited Bidding,Infrastructure,,25 April 2022.,,,"Posted in Expression of Interest . The Seychelles Fire and Rescue Services Agency (SFRSA), wishes to inform that the Agency intends to procure One (1) Medium size and One (1) Large Fire Tender through the adoption of Limited Bidding method in line with Section 61 2 (a) of the Public Procurement Act 2008. The proposed shortlisted bidders are as follows: The Chairman Procurement Review Panel P.O. Box  313, Room 105 Care House Building Victoria, Mahé P: (248) 4 382 000 Sylvie Gopal (Mrs) Secretary secretaryrp@pou.gov.sc",https://www.ntb.sc/media/tender-files/advert_for_fire_tenders-final.pdf,,https://www.ntb.sc/tenders/expression-of-interest/procurement-of-two-fire-tenders
Procurement Of Spare Parts And Inspection Services For The Maintenance Of Abb Alternators At The Mahe And Praslin Power Stations,Public Utilities Corporation,Limited Bidding,Infrastructure,,25 April 2022.,,,"Posted in Expression of Interest . The Public Utilities Corporation wishes to inform interested parties that it will be undertaking the Procurement of spare parts and inspection services for the alternators installed on its 15 generator sets at Roche Caiman, Mahe and at Baie Ste Anne Praslin Power Stations through the adoption of Limited Bidding method under Section 61 2 (a) of the Public Procurement Act 2008. This is on the grounds of restricted qualified sources to provide the goods and services as per specifications. The proposed shortlisted bidders are as follows: The Chairman Procurement Review Panel P.O. Box  313, Room 105 Care House Building Victoria, Mahé P: (248) 4 382 000 Sylvie Gopal (Mrs) Secretary secretaryrp@pou.gov.sc",https://www.ntb.sc/media/tender-files/2022-04-19-press_notice_-_alternator_maitenance_-_spares_and_inspection_service_002.pdf,,https://www.ntb.sc/tenders/expression-of-interest/procurement-of-spare-parts-and-inspection-services-for-the-maintenance-of-abb-alternators-at-the-mahe-and-praslin-power-stations
"Procurement Of Jetski, Rescue Board And Trailer  For The Airport Fire & Rescue Services",Posted in Expression of Interest,Limited Bidding,Infrastructure,,28 February 2022.,,,"Posted in Expression of Interest . The SCAA wishes to inform that it will be procuring a Jet Ski, Trailer and a Rescue Board for the Seychelles International Airport through the use of ""Limited Bidding Method” in line with Section 61 2 (a) of the Public Procurement Act of 2008. The Chairman Procurement Review Panel P.O. Box  313, Room 105 Care House Building Victoria, Mahé P: (248) 4 382 000 Sylvie Gopal (Mrs) Secretary secretaryrp@pou.gov.sc",https://www.ntb.sc/media/tender-files/press_notice-_procurement_of_jetski.pdf,,https://www.ntb.sc/tenders/expression-of-interest/procurement-of-jetski-rescue-board-and-trailer-for-the-airport-fire-rescue-services
Topographic Survey At St Louis To Beau Vallon,Seychelles Land Transport Agency,Limited Bidding,Roads & seawalls,,28 February 2022.,,,"Posted in Expression of Interest . The Seychelles Land Transport Agency (SLTA) wishes to inform interested parties that it will be undertaking the project for Topographic Survey at St Louis to Beau Vallon for the Proposed Road Widening, through the Limited Bidding Method in line with Section 61 2 (a) of the Public Procurement Act 2008. The Chairman Procurement Review Panel P.O. Box  313, Room 105 Care House Building Victoria, Mahé P: (248) 4 382 000 Sylvie Gopal (Mrs) Secretary secretaryrp@pou.gov.sc",https://www.ntb.sc/media/tender-files/press_notice-_topo_survey.pdf,,https://www.ntb.sc/tenders/expression-of-interest/topographic-survey-at-st-louis-to-beau-vallon
"Hiring Of Barge And Crane For Lifting, Transportation And Laying Of Undersea Cable From Eve Island To The Vicinity Of Round Island",Public Utilities Corporation,EOI,Infrastructure,,22 February 2022.,,,"Posted in Expression of Interest . Towards the end of February to the beginning of March 2022, the Public Utilities Corporation (PUC) shall be installing a submarine cable link between Eve Island (Praslin) and in the vicinity of Round Island. The project's objective is to establish a second straight cable link from Praslin to La Digue by interconnecting to the existing cable that currently connects to La Digue through Round Island. The Chairman Procurement Review Panel P.O. Box  313, Room 105 Care House Building Victoria, Mahé P: (248) 4 382 000 Sylvie Gopal (Mrs) Secretary secretaryrp@pou.gov.sc",https://www.ntb.sc/media/tender-files/advert_-_2022-01-28-eoi_for_transportation_and_laying_of_submarine_cable.pdf,,https://www.ntb.sc/tenders/expression-of-interest/hiring-of-barge-and-crane-for-lifting-transportation-and-laying-of-undersea-cable-from-eve-island-to-the-vicinity-of-round-island-1
"HIRING OF BARGE AND CRANE FOR LIFTING, TRANSPORTATION AND LAYING OF UNDERSEA CABLE FROM EVE ISLAND TO THE VICINITY OF ROUND ISLAND",Public Utilities Corporation,EOI,Infrastructure,,22 February 2022.,,,"Posted in Expression of Interest . Towards the end of February to the beginning of March 2022, the Public Utilities Corporation (PUC) shall be installing a submarine cable link between Eve Island (Praslin) and in the vicinity of Round Island. The project's objective is to establish a second straight cable link from Praslin to La Digue by interconnecting to the existing cable that currently connects to La Digue through Round Island. The Chairman Procurement Review Panel P.O. Box  313, Room 105 Care House Building Victoria, Mahé P: (248) 4 382 000 Sylvie Gopal (Mrs) Secretary secretaryrp@pou.gov.sc",https://www.ntb.sc/media/tender-files/advert_-_2022-01-28-eoi_for_transportation_and_laying_of_submarine_cable.pdf,,https://www.ntb.sc/tenders/expression-of-interest/hiring-of-barge-and-crane-for-lifting-transportation-and-laying-of-undersea-cable-from-eve-island-to-the-vicinity-of-round-island
